id	family	component	states	visual_spec	keys	source	evidence	depends_on
renderer.ink-render	renderer	Ink render entry, reconciler and frame cadence	default options: debug false, exitOnCtrlC true, patchConsole true, maxFps 30, incrementalRendering false ; main CLI render: exitOnCtrlC false, patchConsole false, filtered stdin, onRender/onReactError/onFullScreenClear callbacks, FPS and incremental rendering not overridden ; full-screen clear: logs "ink full-screen clear (live region exceeds terminal height)" ; static-dirty commit: immediate render ; other commits: throttled render	React 19.2.6 ; react-reconciler 0.33.0 (declares rendererVersion "19.1.0", rendererPackageName "ink") ; Yoga 3.2.1 ; Chalk 5.6.2 ; string-width 8.2.0 ; wrap-ansi 10.0.0 ; cli-boxes 3.0.0 ; exports XX render, az Box, EY Text, jC Static, dL Transform, oo RawBlock, Ge useInput, mT useStdin, t$ useStdout, FI content-width hook, qJ string-width ; frame interval = maxFps > 0 ? max(1, ceil(1000/maxFps)) : 0 with leading and trailing throttle ; debug and screen-reader modes bypass the throttle ; one Ink instance per stdout ; render() returns rerender, unmount, waitUntilExit, cleanup, clear ; mutation renderer without hydration or persistence ; host nodes ink-root, ink-box, ink-text, ink-virtual-text, #text ; every commit recalculates layout ; removed nodes free their Yoga trees	-	source-renderer.md pass 3 §1 Renderer infrastructure, §2 Render entry and cadence; pass 2 §1 Renderer stack; index.js:214699-214750, 214751-214802, 214811-214871, 215823-216003, 215868-215887, 216251-216301; 9352.index.js:49119-49150	source-derived	none
renderer.layout-dimensions	renderer	Root layout and terminal dimension hooks	renderer root: width stdout.columns || 80, LTR, height content-driven ; terminal narrowed: previous rendered region cleared before relayout ; any resize: relayout and render ; resume from suspension: clear, relayout, render ; use-terminal-size: {columns: stdout?.columns ?? 0, rows: stdout?.rows ?? 0}, optional trailing debounce (default 0 = immediate), unchanged sizes skipped ; use-screen-size: {height: stdout.rows, width: stdout.columns}, immediate, no fallback	no universal 80x24 default ; consumers apply their own fallbacks (countdown bar 80 columns, overflow markdown 80, review screen 80 wide and 24 high) ; static node width = terminal width	-	source-renderer.md pass 3 §3 Layout and sizing (Three dimension mechanisms); pass 2 §1 Render scheduling and Yoga sizing; index.js:214870-214904, 214817-215014, 214296-214366; 5790.index.js:708-769; 9352.index.js:39560-39596	source-derived	none
renderer.box-defaults	renderer	Box defaults, Yoga style mapping and content width	defaults: flexWrap "nowrap", flexDirection "row", flexGrow 0, flexShrink 1, overflowX/overflowY = supplied ?? overflow ?? "visible" ; numeric child width: capped to parent content width ; percent width: floor(parentWidth*percent/100) ; unspecified width: parent width minus margins, padding and borders	mapped props: position relative/absolute ; margin and padding (all, X/Y, individual edges) ; flexGrow, flexShrink, flexWrap, flexDirection, flexBasis ; alignItems, alignSelf, justifyContent ; width/height/minWidth/minHeight numeric or percent ; display flex/none ; one-cell borders on enabled sides ; gap, rowGap, columnGap ; percent dimensions use parseInt in the Yoga adapter but parseFloat in the content-width context ; content width subtracts horizontal padding and enabled left/right borders, clamped >= 0 ; Box passes background color and content width to descendants through context ; markdown tables size from this content width	-	source-renderer.md pass 3 §3 Box defaults; pass 2 §2 Content-width propagation; index.js:214017-214073, 216379-216549, 214296-214366, 214307-214346	source-derived	none
renderer.text-styles	renderer	Text styles and color strings	recognized color: applied ; unrecognized color string: text left unchanged ; nested Text: ink-virtual-text without a Yoga node ; Box nested inside Text: throws ; raw string outside Text: throws	attributes color, backgroundColor, dim, bold, italic, underline, strikethrough, inverse ; wrap default "wrap" ; background defaults to the nearest Box background ; accepted colors: chalk names (e.g. "cyan"), "#..." hex, "rgb(R,G,B)", "ansi256(N)" ; accessibility label and hidden state supported	-	source-renderer.md pass 3 §4 Text, wrapping, and terminal composition; pass 2 §2 Text style support; index.js:214217-214274, 213396-213433, 214391-214412, 215887-215920	source-derived	none
renderer.wrap-truncate	renderer	Wrap and truncate	"wrap": Unicode and CRLF normalized, wrap-ansi {trim:false, hard:true}, continuation lines lose leading spaces but keep SGR/hyperlink prefixes ; "no-wrap": content unchanged ; truncate end (default), middle or start: glyph "…" ; width < 1: empty text ; width 1: "…" only ; UNRESOLVED: Unicode edge cases unverified at runtime	results cached by hash, original length, width and wrap mode (hit checks input equality) ; text measurement = widest visible line + newline count, 2,000-entry cache	-	source-renderer.md pass 3 §4, Open Questions; pass 2 §2 Wrapping and truncation; index.js:217195-217261, 216550, 215173-215191	source-derived	none
renderer.output-compositor	renderer	Output cell compositor, paint order and clipping	Text node: nested text squashed, wrapped, write queued ; Box node: background fill, then border, then clip, children, unclip ; hidden or static-excluded node: skipped ; Box with internal_rawContent: raw write, children not painted ; clip: overflow/overflowX/overflowY "hidden", inside border bounds, most recent rectangle only (stack.at(-1), no intersection) ; raw write: bypasses ANSI parsing and text transforms, collected per row, honors vertical clipping, appended at the requested column	width×height matrix of blank cells ; Intl.Segmenter {granularity:"grapheme"} ; SGR foreground/background/modifier state tracked per grapheme ; parses SGR and BEL-terminated OSC 8 hyperlinks ; wide graphemes = real cell + empty continuation cells ; only necessary style transitions emitted ; each row trimmed at its end, rows joined with LF ; background fill = spaces in the background color inside enabled borders ; clipping is not a scroll widget	-	source-renderer.md pass 3 §4; pass 2 §3 Frame composition, clipping, and terminal output; index.js:215192-215590, 215308-215441, 215445-215590, 216095-216250, 216004-216029, 216199-216240	source-derived	none
renderer.log-update	renderer	Terminal updater (log-update)	default (incremental false): first changed line found, changed suffix erased and rewritten ; lines to erase > process.stdout.rows: full-screen clear, whole output rewritten, onFullClear called ; incremental true: changed lines rewritten, unchanged lines skipped ; UNRESOLVED: flicker and real-terminal update behavior unverified at runtime	cursor hidden by default and restored on done() ; overflow test reads global process.stdout.rows, not the supplied stream ; incrementalRendering false still preserves an unchanged prefix	-	source-renderer.md pass 3 §5 Output update algorithms, Open Questions; pass 2 §3 Normal versus incremental terminal updating; index.js:215068-215172, 215078-215169	source-derived	none
renderer.static-history	renderer	Static history primitive	no getItemKey: renders items after the previous count ; getItemKey: each key emitted once (Set) ; resetKey change: Set cleared ; main conversation: items No, getItemKey item => item.key, resetKey h	Static wrapper absolute-positioned, column ; new static output appended to fullStaticOutput and the updater receives fullStaticOutput + liveOutput ; keyed history only, no generic scrollable viewport or conversation ScrollView established	-	source-renderer.md pass 3 §5 Static output, Open Questions; index.js:214127-214176, 216302-216355, 214906-214957; 9352.index.js:53244-53247	source-derived	none
renderer.text-layout	renderer	Text-input layout and viewport primitive	cursor tracking on: viewport scrolls up or down to keep the cursor visible ; scroll offset: clamped to [0, totalLines-visibleLines]	Vz (local o) wraps into visual lines {lines, textLength, maxWidth, tabWidth}, each line {text, startIndex, endIndex, visualWidth, charToColumn, columnToChar} ; Kk (local c) returns {text, cursorOffset, scrollOffset, hasAbove, hasBelow, mapOffset} ; tab width 4 ; wraps at a prior space when possible ; own character-width routine and string indexing, unlike the renderer grapheme path	-	source-renderer.md pass 3 §5 Input viewport primitive; pass 2 §4 Text-input viewport model; 4918.index.js:258-417	source-derived	none
renderer.raw-block	renderer	RawBlock raw terminal output	raw content: fixed geometry, bypasses ordinary text transformations ; UNRESOLVED: native image protocol details are outside the renderer slice	export oo ; Box with internal_rawContent writes raw content and skips child painting ; raw writes appended per row at the requested column	-	source-renderer.md pass 3 Boundaries (RawBlock to terminal protocols), Open Questions; index.js:214699-214750, 216095-216250, 215445-215590	source-derived	none
renderer.border-styles	renderer	Border style sets	single: "┌ ─ ┐ │ ┘ ─ └ │" ; double: "╔ ═ ╗ ║ ╝ ═ ╚ ║" ; round: "╭ ─ ╮ │ ╯ ─ ╰ │" ; bold: "┏ ━ ┓ ┃ ┛ ━ ┗ ┃" ; singleDouble: "╓ ─ ╖ ║ ╜ ─ ╙ ║" ; doubleSingle: "╒ ═ ╕ │ ╛ ═ ╘ │" ; classic: "+ - + | + - + |" ; arrow: "↘ ↓ ↙ ← ↖ ↑ ↗ →" ; custom: token object instead of a style name	glyph order topLeft, top, topRight, right, bottomRight, bottom, bottomLeft, left ; side-specific colors and dim flags override general border color/dim ; each side enabled unless explicitly false ; data from bundled cli-boxes 3.0.0	-	source-renderer.md pass 3 §6 Built-in border styles; pass 2 §5 Complete bundled border styles; index.js:394287-394294, 216030-216094	source-derived	none
renderer.pager-tokens	renderer	Pager glyph tokens	selected prefix: "→ " ; unselected prefix: "  " ; hint separator: " • " ; elapsed countdown cell: "─" ; remaining countdown cell: "━" ; option style 1: "● " on / "○ " off ; option style 2: "◉ " on / "◯ " off ; current option marker: "✓"	exports bA, k9, cn, wU, M2, DK, Lk, F, nj, Rp in that order ; FV = 1 (row left padding) ; JX = 2 (scroll-indicator left padding) ; module also forwards color tokens Ik, aQ, r3	-	source-renderer.md pass 1 Exact pager glyph tokens; pass 3 §6 Shared pager tokens; 5790.index.js:507-540 (pass 2 cites 510-541); 9352.index.js:18478-18483 (copy cited in source-composer.md §6.3)	source-derived	none
renderer.pager-shell	renderer	PagerShell layout	variant "spaced" (default): outer marginTop 1 ; other variants (e.g. "condensed"): margin 0 ; border true and no topBar: top rule only ; topBar supplied: no border, outer column [topBar, content], content marginTop 0 ; explicit header: replaces the generated title and description ; UNRESOLVED: purpose of export G (local constant d = 2) not established	defaults primaryColor "cyan", border true, variant "spaced" ; content column paddingX 1, paddingTop 0, paddingBottom 0 ; border borderStyle "single", borderColor primaryColor, borderTop true, borderLeft/borderRight/borderBottom false ; header marginBottom 1 ; footer marginTop 1, dimColor ; generated title bold in primaryColor ; raw mode enabled when supported and disabled on cleanup ; cyan is only the default, callers pass r3, aQ, yellow or red	-	source-renderer.md pass 1 Pager shell / shared layout; pass 3 §6 Pager layout; addendum Pager title; 5790.index.js:71-166, 86-95	source-derived	none
renderer.pager-list-row	renderer	Pager list row	selected: bold, color "cyan" or the supplied color, prefix "→ " ; unselected: no explicit color, not bold, prefix "  "	paddingLeft 1 ; list-row.tsx export y	-	source-renderer.md pass 1 Pager text and styling primitives; 5790.index.js (pass 1 cites minified line 1 only)	source-derived	none
renderer.pager-options	renderer	Pager option rows	selected and enabled: cyan bold ; unselected: no color ; disabled: dim, a selected disabled row keeps "→ " but loses cyan/bold ; current option: separate green " ✓" ; hint: separate dim " <hint>" ; style Z: "● " / "○ " ; style D: "◉ " / "◯ "	paddingLeft 1 ; options.tsx shared local d ; colors are literal cyan/green, not theme-derived	-	source-renderer.md pass 1 Pager text and styling primitives, Non-Obvious Things; 5790.index.js (pass 1 cites minified line 1 only)	source-derived	none
renderer.pager-title	renderer	Pager title with count	no count: bold cyan title ; count: nested " (N unit)" with bold false and dim ; count other than 1: unit gets "s"	title.tsx export m ; count suffix format " (N unit[s])"	-	source-renderer.md pass 1 Pager text and styling primitives; source-screens.md Key-hint abbreviations; 5790.index.js (pass 1 cites minified line 1 only)	source-derived	none
renderer.pager-section-header	renderer	Pager section header	default: bold label, marginTop 0 ; configured: caller color and marginTop	section-header.tsx export A	-	source-renderer.md pass 1 Pager text and styling primitives; 5790.index.js (pass 1 cites minified line 1 only)	source-derived	none
renderer.pager-footer	renderer	Pager footer and shared key-hint strings	footer: dim hints, falsy entries dropped, joined with " • " ; NAV: "↑/↓ to navigate" ; SCROLL: "↑/↓ to scroll" ; SEL: "Enter to select" ; CONF: "Enter to confirm" ; EDIT: "Enter to edit" ; SAVE: "Enter to save" ; USE: "Enter to use" ; DEL: "d to delete" ; KILL: "k to kill" ; TABSEC: "Tab to switch sections" ; TABED: "Tab to edit" ; CLOSE: "Esc to close" ; BACK: "Esc to go back" ; CANCEL: "Esc to cancel"	footer.tsx export r, dim text ; NAV to CANCEL are source-screens shorthand names, expanded to full strings in pager.* rows	shows ↑/↓ ; Enter ; d ; k ; Tab ; Esc	source-renderer.md pass 1 Pager text and styling primitives; source-screens.md Key-hint abbreviations; 9352.index.js:18407-18424	source-derived	none
renderer.scroll-indicator	renderer	Pager scroll indicator	count <= 0: nothing rendered ; above: "↑ N more above" ; below or any other direction: "↓ N more below"	dim ; paddingLeft 2 ; display primitive only, no scroll state ; distinct from palette overflow rows (palette.aligned-list)	-	source-renderer.md pass 1 Scroll indicator; pass 3 §6 Pager layout; 5790.index.js:385-407, 478-480 (pass 2 cites 385-411, 458-476)	source-derived	none
renderer.countdown-bar	renderer	Countdown rule	running: remaining cells "━" in the caller color, elapsed cells dim "─" ; expired: scheduling stops ; duration <= 0: zero remaining cells	width = full terminal columns (fallback 80), not pager width minus padding ; wrap "truncate" ; remainingCells = round(min(1, max(0, deadline-now)/duration) * columns) ; elapsedCells = columns - remainingCells ; tick = min(1000, max(80, floor(duration/columns))) ms ; memoized component p, helper m	-	source-renderer.md pass 1 Countdown rule; pass 3 §6 Pager countdown; 5790.index.js:170-225 (pass 2 cites 171-231); 9352.index.js:18142-18171 (copy cited in source-composer.md §6.3)	source-derived	none
theme.detection	theme	Theme detection, context and background sync	ANSI_LIGHT="1": light ; TERM_THEME "light" or "dark" (lowercased, exact): light or dark ; VSCODE_THEME containing "light": light, else containing "dark": dark ; no hint: OSC 11 query "\x1b]11;?\x07" ; reply "rgb:" or "rgba:" with 1-4 hex digits per channel, BEL or ESC \ terminator: parsed ; no reply: COLORFGBG last ";" field, index 0-15 through a fixed 16-color palette ; brightness > 0.6: light, else dark ; unknown: isLightTheme false ; ignoreEnvHint true: hints skipped ; forced or notification sync: hints ignored, a forced sync with no answer clears the background to null ; background RGB changed: themeRevision + 1 ; sync error: {backgroundChanged:false} ; UNRESOLVED (source-conversation Gaps): pW assumed to be isLightTheme without tracing u; source-renderer pass 1 maps pW to isLightTheme	brightness = 0.2126*(r/255) + 0.7152*(g/255) + 0.0722*(b/255), strict greater-than, no gamma linearization ; alpha ignored ; channels longer than 8 bits keep the high 8 bits, short channels not scaled ; timeouts: utility default 60 ms, hook 100 ms, 300 ms for SSH-like environments or TMUX ; stdin and stdout must be TTY ; RGB and in-flight query cached ; query/write error sets a session disable flag that the reset helper does not clear ; noninitial sync tries jf() first, then XH() query, o6() fallback, N7() equality ; concurrent syncs share one promise, a forced request mid-sync queues another forced pass ; context exports NP provider, pW isLightTheme, xl backgroundRgb, _K themeRevision, cb syncTheme ; default context {isLightTheme:false, backgroundRgb:null, themeRevision:0}	/sync-theme	source-renderer.md pass 3 Themes and exact colors > Detection; pass 2 §6 Background query, Light/dark classification; pass 1 Theme context, Theme detection / terminal notifications; index.js:110432-110610, 110456-110486, 110487-110497, 110533-110572; 5790.index.js:605-707, 837-872, 863-891, 882-956, 891-923; source-conversation.md Gaps (5790.index.js:612-680)	source-derived	none
theme.mode-2031	theme	Mode 2031 theme notifications	enable: "ESC[?2031h" ; disable: "ESC[?2031l" ; report "ESC[?997;1n": dark ; report "ESC[?997;2n": light ; report without ESC ("[?997;1n", "[?997;2n"): accepted ; partial report: suffix kept for the next input chunk ; UNRESOLVED: terminal support for mode 2031 unverified at runtime	subscribes only when stdin and stdout are TTY ; listens on the Ink internal "input" emitter, not a stdin "data" listener ; keeps the last complete report ; each notification schedules a background sync (theme.detection) ; report regex \u001b?\[\?997;([12])n	-	source-renderer.md pass 3 Detection (Theme notification mode); pass 1 Theme detection / terminal notifications; 5790.index.js:812-836, 958-994, 1008-1018	source-derived	none
theme.color-depth-mixing	theme	Color depth and background tint mixing	getColorDepth() >= 24: "truecolor" ; >= 8: "ansi256" ; >= 4: "basic" ; otherwise: "none" ; UNRESOLVED: real color-depth results and rendered tint mixes unverified at runtime	effectiveRatio = max(0.5, configuredRatio - 0.18*abs(brightness-0.5)/0.5) ; mixed = round(background*effectiveRatio + tint*(1-effectiveRatio)) ; brightness is the weighted channel sum from theme.detection ; tints in theme.tint-table	-	source-renderer.md pass 3 Color-depth and mixing, Open Questions; 9352.index.js:59991-60022, 60077-60130; source-conversation.md Gaps	source-derived	none
theme.ansi256-approx	theme	ANSI256 approximation	ansi256 target: nearest palette index	minimum squared RGB distance over indices 16-255 ; terminal-defined indices 0-15 deliberately excluded	-	source-renderer.md pass 3 Color-depth and mixing; 9352.index.js:60077-60130	source-derived	none
theme.tint-table	theme	Background tint table	user message dark: "#555566" ratio .82, fallback "#242428", ansi256 235 ; user message light: "#b0b0b0" .82, "#e8e8e8", 254 ; follow-up dark: "#6a6040" .78, "#2e2818", 94 ; follow-up light: "#c8b878" .78, "#f5efe0", 230 ; composer dark: "#505050" .95, "#151515", 233 ; composer light: "#d0d0d0" .90, "#f2f2f2", 255 ; /btw bar dark: "#707070" .90, "#333333", 236 ; /btw bar light: "#8a8a8a" .90, "#d6d6d6", 252 ; UNRESOLVED (source-renderer Open Questions): feature-to-token mapping not traced in the renderer slice, the mapping here comes from source-conversation and source-composer	each tint mixed per theme.color-depth-mixing ; fallback hex and ANSI256 listed per tint, selection condition not stated	-	source-renderer.md pass 3 Background configuration objects, Open Questions; index.js:88208-88261; source-composer.md §2 Container (index.js:88283-88294), §7 Side question; source-conversation.md §3 UserMessageUI	source-derived	none
theme.diff-palette	theme	Diff palette	added row background: light "#D0E8C5" / dark "#2b3f2b" ; removed row background: light "#F7D1BA" / dark "#402626" ; added sign: light "#15803d" / dark "#3fb950" ; removed sign: light "#b91c1c" / dark "#f85149" ; inline added background: light "#ACEFAD" / dark "#2E5A2E" ; inline added foreground: light "#15803d" / dark "#d1d7e0" ; inline removed background: light "#FFD0D0" / dark "#5A2E2E" ; inline removed foreground: light "#b91c1c" / dark "#d1d7e0"	ANSI256 light: row add/remove 149/215, sign add/remove 22/52, inline add bg/fg 157/22, inline remove bg/fg 217/52 ; ANSI256 dark: row add/remove 22/52, sign add/remove 2/1, inline add bg/fg 22/252, inline remove bg/fg 52/252	-	source-renderer.md pass 3 Diff palette; index.js:88170-88200; 9352.index.js:10831-10871, 11070-11168	source-derived	none
theme.markdown-palette	theme	Markdown palette	inline code: light "#5A4FA3" (ansi256 60) / dark "#A8B5E6" (146) ; rendered headings and links: light "#1D4ED8" (26) / dark "#93C5FD" (39) ; declared h1/h2/hn light: "#0E7490" / "#1D4ED8" / "#111827" (30/26/233) ; declared h1/h2/hn dark: "#67E8F9" / "#93C5FD" / "#E5E7EB" (51/39/252)	the renderer uses the h2 color for every heading level ; h1 differs by underline only	-	source-renderer.md pass 3 Markdown palette; index.js:88180-88183, 88325-88328; 9352.index.js:13939-13959, 14044-14078	source-derived	none
theme.accent-r3	theme	Dark accent token r3	dark accent: "#F4E7A1" = RGB 244,231,161 ; observed: bold "All chats" scope title drawn with SGR 38;2;244;231;161	capture ANSI "\x1b[1m\x1b[38;2;244;231;161mAll chats" at 110x36 and 60x20 ; the same token is referenced by pager.unified-list, pager.copy-message, pager.rewind, pager.context, pager.usage	-	runtime-observations.md Empty resume pager; captures/03-resume-empty-110x36.ansi row 2, 06-resume-empty-60x20.ansi row 2; source-renderer.md addendum Pager title (index.js:88208-88211, export 88075-88077); spot-check index.js:88204 (decisions.tsv 2026-09-27T11:43:30Z)	observed	none
theme.accent-tokens	theme	Light accent Ik and purple accent aQ	Ik light accent: "#7A5A00" = RGB 122,90,0 ; aQ purple: "#A78BFA" = RGB 167,139,250	Ik pairs with r3 on light themes (unified-list active scope, context and usage titles) ; aQ is the primary color of decision.tool-surface and of the pager.config title	-	source-renderer.md pass 3 §6 Pager glyphs; addendum Concrete theme tokens; index.js:88210-88213; source-composer.md §6.1; source-screens.md §2 config, context, usage, unified-list	source-derived	none
theme.shared-palette	theme	Other shared palette declarations	debug: "#E34671" (Debug headline, Reproduction Steps title and border) ; context percent: light "#167A47" / dark "#58D68D" ; edit diff left border: light "#9C9C9E" / dark "#3E3E40" ; unmapped: "#242424", "#D8D8D8" ; gradient: ["#303030","#767676","#a8a8a8","#ffffff"] ; UNRESOLVED: features that use "#242424", "#D8D8D8" and the gradient not traced	declaration list from source-renderer ; mappings from source-composer §3 and §6.4, source-screens §2 context, source-conversation §3 Edit	-	source-renderer.md pass 3 Markdown palette (other shared palette declarations), Open Questions; source-composer.md §3, §6.4; source-screens.md §2 context; source-conversation.md §3 Edit (9352.index.js:7268)	source-derived	none
theme.light-runtime	theme	Light theme at runtime	UNRESOLVED: light theme traced in source but never run or captured	light values are recorded per component and in the theme.* rows	-	README.md Coverage matrix; source-screens.md Gaps (Not captured: light theme)	source-derived	none
markdown.parser	markdown	Markdown block parser	fenced code: backtick fences of variable length with nested fence tracking ; heading: "#" through "######" ; table: pipe tables ; ordered list: "N." and "N)" ; unordered list: "-", "*", "+" ; horizontal rule: at least three identical "-", "*" or "_" ; blockquote: "> " ; display math: "\[…\]" and "$$…$$" ; text and optional paragraph breaks	custom line-oriented parser b in markdown.tsx, not CommonMark-complete ; fence info "start:end:path", a path-like string, or a language ; a first code line matching "Read path" can supply the path ; list nesting floor(indentation/2), a tab counts 2 units ; paragraph-break cleanup removes leading, trailing, repeated and block-adjacent breaks	-	source-renderer.md pass 3 Markdown parser; 9352.index.js:12810-13035, 12961-13062	source-derived	none
markdown.inline	markdown	Inline markup	code: backtick spans in the inline-code color ; bold: "**bold**" ; italic: "*italic*" ; strikethrough: "~~strike~~" ; link: Markdown link (markdown.links) ; bare URL: http(s) ; math: "\(...\)" and "\[...\]"	bold, italic and strike content renders inline markup recursively ; inline code light "#5A4FA3" (60) / dark "#A8B5E6" (146)	-	source-renderer.md pass 3 Markdown parser; 9352.index.js:13240-13463	source-derived	none
markdown.links	markdown	Links and hyperlinks	labeled link: underlined label in the heading/link color + dim " (URL)" ; bare URL: underlined, no duplicate suffix	color light "#1D4ED8" (26) / dark "#93C5FD" (39) ; OSC 8 hyperlink with control characters removed from the URL ; no terminal capability check	-	source-renderer.md pass 3 Markdown parser, Non-Obvious Things; 9352.index.js:13125-13141, 13393-13463, 64105-64119	source-derived	none
markdown.headings	markdown	Headings	h1: bold + underline ; h2 to h6: bold ; spacing: one line above and below, with adjacency and compact exceptions	every level uses the h2 color, light "#1D4ED8" / dark "#93C5FD"	-	source-renderer.md pass 3 Markdown layout; addendum Markdown/code geometry table; 9352.index.js:14044-14078	source-derived	none
markdown.lists	markdown	Lists	unordered marker: "•" ; task markers: "◼" / "◻" (checked/unchecked mapping not stated) ; ordered marker: "N."	indent 2 cells per nesting level ; marker width 2 for task and unordered, max(marker.length+1, 3) for ordered ; content grows, paddingRight 2	-	source-renderer.md pass 3 Markdown layout; addendum Markdown/code geometry table; 9352.index.js:13953-14238, 14082-14100	source-derived	none
markdown.blockquote	markdown	Blockquote	quote: dim "│" gutter + dim italic content	gutter width 2 ; content paddingRight 2	-	source-renderer.md pass 3 Markdown layout; addendum Markdown/code geometry table; 9352.index.js:14141-14165	source-derived	none
markdown.rule	markdown	Horizontal rule	rule: dim "────────────────────────────────────────"	exactly 40 × "─", not terminal-width-based ; dim	-	source-renderer.md pass 3 Markdown layout; addendum Markdown/code geometry table; 9352.index.js:14188-14202; spot-check 9352.index.js:14192 (40-cell rule; decisions.tsv 2026-09-27T11:43:30Z)	spot-checked	none
markdown.math	markdown	Math	display math: italic, wrapped, paddingLeft 2 ; inline math: "\(...\)" or "\[...\]" ; UNRESOLVED: LaTeX-to-Unicode translation tables not inspected	display delimiters "\[…\]" and "$$…$$" (markdown.parser)	-	source-renderer.md pass 3 Markdown layout, Open Questions; 9352.index.js:14203-14218	source-derived	none
markdown.root	markdown	Markdown root and paragraph breaks	preserved paragraph break: 1-row spacer ; compact prop: passed by agent-text (effect beyond heading spacing not stated)	root column, paddingRight 2 ; agent-text passes preserveParagraphBreaks and compact	-	source-renderer.md pass 3 Markdown layout; 9352.index.js:13953-13957; source-conversation.md §2 agent-text	source-derived	none
markdown.table	markdown	Tables	fits: intrinsic column widths ; too wide: remaining width distributed proportionally, long words split ; wrapped cell: original inline styling lost ; unwrapped body cell: original inline markup rendered	width from the content-width context, else terminal columns debounced 100 ms, minimum 1 ; column count = max header/body cell count ; intrinsic width = visible width of syntax-stripped text ; overhead 3*columnCount+1 ; min column width max(1, min(3, floor(available/columnCount))) ; excess to the widest column, over-allocation removed from the widest ; tokens "┌ ┐ └ ┘ ─ │ ├ ┤ ┬ ┴ ┼" ; borders and separators dim ; header cells bold ; a rule between body rows after the first ; one space of padding per side	-	source-renderer.md pass 3 Tables; 9352.index.js:13531-13624, 13625-13825	source-derived	none
markdown.mermaid	markdown	Mermaid fences	ASCII fits and expanded rendering enabled: ASCII diagram ; otherwise: fence source shown ; UNRESOLVED: Mermaid conversion internals not inspected	asynchronous ASCII attempt ; width budget max(20, 4*floor(columns/4)-4) for positive columns ; resize debounce 200 ms	-	source-renderer.md pass 3 Code blocks and syntax highlighting (Mermaid), Open Questions; 9352.index.js:13826-13885	source-derived	none
markdown.throttled	markdown	ThrottledMarkdown streaming	appending text: update every 200 ms ; replacement or non-prefix content: immediate ; paragraph count (double newline) increased: immediate	used by dynamic agent-text	-	source-renderer.md pass 3 Streaming throttle; addendum Markdown/code geometry table; 9352.index.js:30361-30431, 30376-30414	source-derived	none
markdown.overflow	markdown	OverflowMarkdown tail truncation	fits: all lines ; overflow: last maxLines kept + optional dim "... (N lines hidden above)" + " · <hint>" ; exactly one line would be hidden: that line shown instead	width max(1, (explicitWidth ?? stdout.columns ?? 80) - 4) ; reflow by string length and spaces, not rendered markdown geometry ; tail truncation, not a scroll viewport	-	source-renderer.md pass 3 §5 Overflow markdown; pass 2 §4 Overflow markdown; 9352.index.js:17897-18018	source-derived	none
code.highlighted	code	HighlightedCode block	default: line numbers shown ; clipLongLines true: "truncate-end" ; clipLongLines false: ordinary wrapping ; dimmed: dim text ; diff rows: sign gutter, no number-gutter border ; tokens pending: plaintext	defaults showLineNumbers true, lineNumberWidth 4, startLineNumber 1, tabSize 4, tail false, dimmed false, clipLongLines false ; row width "100%", flexGrow 1 ; number gutter width lineNumberWidth+2 (6 by default) with right border "single" on non-diff rows ; line numbers dim, right-aligned ; sign gutter width 2 = bold colored sign + space ; content grows and shrinks	-	source-renderer.md pass 3 Code blocks and syntax highlighting; addendum Markdown/code geometry table; 9352.index.js:10731-10749, 10650-10724, 10671-10690, 10694-10711	source-derived	none
code.shiki	code	Shiki syntax highlighting	dark theme: "github-dark-default" ; light theme: "light-plus" ; before tokens arrive: plaintext ; initialization failure: cached promise cleared ; UNRESOLVED: full Shiki grammar and theme token inventories not enumerated	Shiki 4.0.2, Oniguruma/WASM engine ; lazy singleton ; codeToTokens(content, {lang, theme}) ; rendered-token cache max 300 keyed by theme, language and content ; token style bits italic 1, bold 2, underline 4	-	source-renderer.md pass 3 Code blocks and syntax highlighting, Open Questions; 9352.index.js:10726-10728, 10848-10934, 63358-63415, 63765-63778	source-derived	none
code.truncation-label	code	Code truncation label	truncated: "… truncated (N more line[s]) · <hint>" (hint optional) ; tail true: label before the kept lines ; tail false: label after	-	-	source-renderer.md pass 3 Code blocks and syntax highlighting; 9352.index.js:11017-11046, 11153-11164	source-derived	none
code.markdown-fence	code	Markdown code-fence wrapper	more than one line and line numbers enabled: numbered ; one line: no numbers ; with path: bold path header + optional "lines START-END"	path header marginBottom 1 ; line-number display follows a config hook (toggled by /line-numbers)	/line-numbers	source-renderer.md pass 3 Code blocks and syntax highlighting; 9352.index.js:13886-13928	source-derived	none
diff.unified-parser	diff	Unified diff parser	hunk header "@@ -... +... @@": old and new start lines read ; added line: new number advances ; removed line: old number advances ; context line: both advance ; skipped: diff/index/file-header lines, ellipsis lines, no-newline markers	leading sign stripped into a separate signChar	-	source-renderer.md pass 3 Diff rendering; 9352.index.js:60453-60539	source-derived	none
diff.inline-emphasis	diff	Inline change emphasis	paired groups: changed ranges highlighted ; skipped: identical or empty lines, similarity below 0.25, or either changed fraction above 0.5	pairs adjacent removed/added groups ; equal-size groups pair by position ; unequal groups pair greedily by similarity above 0.25 ; tokens are whitespace and non-whitespace runs ; sequence diff finds changed ranges ; overlapping or adjacent ranges merged ; colors in theme.diff-palette	-	source-renderer.md pass 3 Diff rendering; 9352.index.js:61680-61787	source-derived	none
diff.row-render	diff	Diff row backgrounds and signs	truecolor: Box/Text backgrounds ; ansi256: explicit "ESC[48;5;Nm" / "ESC[49m" around the row ; tabs: expanded with token boundaries kept and inline offsets remapped	row background, sign color and inline-change color are independent layers ; palette in theme.diff-palette	-	source-renderer.md pass 3 Diff rendering; 9352.index.js:10661-10722, 10935-11016, 11070-11168	source-derived	none
review.screen	review	File-change review screen	entry: "/changes", Ctrl+R ("ctrl+r to review changed files"), edit-tool hint "ctrl+r to review" ; scopes: tab labels not given, the /changes description names "Conversation, Unstaged, Staged (when present), and Committed" ; line scroll: ↑/↓ or j/k ; page: Space, f/b, Ctrl-F/Ctrl-B, PageDown/PageUp by max(1, height-1) ; half page: Ctrl-D/Ctrl-U by max(1, floor(height/2)) ; top: g ; bottom: G ; numeric prefix then G: one-based line N ; numeric prefix: multiplies movement ; selected section changes: view scrolls to its mapped start ; UNRESOLVED: review mode state, scope switching and actions (ee.Z) not traced, README lists review internals as unread	second output path: React effects paint a full-screen ANSI viewport directly (Z/local T builds file sections, forwardRef R paints and returns null) ; W = max(10, screenSize.width ?? stdout.columns ?? 80) ; height = (screenSize.height ?? stdout.rows) || 24 ; footer reservation with a selected file = estimatedPromptLines + 4 + (statusMessage ? 1 : 0) ; content height = max(1, height - reservation - 1) ; header 1 row when header-left exists ; content directly below the header ; bottom region starts at headerRows + contentHeight + 1 ; scroll clamped to [0, totalVisualLines-contentHeight] ; section APIs scrollToSectionStart and scrollToSectionCenter	Ctrl+R open ; ↑/↓ j/k line ; Space f/b Ctrl-F/Ctrl-B PgDn/PgUp page ; Ctrl-D/Ctrl-U half page ; g top ; G bottom ; N prefix ; Esc done	source-renderer.md addendum Components Found, Review screen, Review viewport; 9352.index.js:7413-9187, 9188-9997, 8232-8294, 9914-9982, 9241-9383, 9620-9668; source-composer.md §1, §4 (9352.index.js:24018-24023); source-screens.md §1 changes, Gaps; README.md Open gaps	source-derived	git
review.terminal-modes	review	Review escape modes and paint transactions	enter: "\x1b[?1049h\x1b[?7l\x1b[?1h\x1b=\x1b[?25l" (alternate screen, autowrap off, application cursor keys, application keypad, hide cursor) ; leave: "ESC[?1l" "ESC>" "ESC[?7h" "ESC[?1049l" ; paint: "ESC[?2026h", then "ESC[row;colH" and "ESC[2K" per line, then "ESC[?2026l" ; empty scope: painted directly with synchronized output, unused rows cleared ; UNRESOLVED: the leave string has no "ESC[?25h", and whether another path restores the cursor is unverified ; UNRESOLVED: terminal support for synchronized output and application keypad unverified	writes optionally wrapped in stdout cork()/uncork() ; the same transaction paints content and the overlay/footer ; distinct from the OSC 11 and mode 2031 theme sequences	-	source-renderer.md addendum Exact terminal escape modes, Paint transactions, Files Read / open questions; 9352.index.js:7674-7685, 9692-9909, 9914-9990, 8922-8973; spot-check 9352.index.js:7678-7682 (review escape strings; decisions.tsv 2026-09-27T11:43:30Z); README.md Open gaps	spot-checked	none
review.scope-tabs	review	Review scope tabs	active tab: ANSI256 background 254, label foreground 0 bold, count foreground 245 ; inactive tab: dim ; separator: " " + dim "|" + " "	fixed ANSI256 colors, independent of the detected light/dark theme ; source-renderer states a single dim " | " string, README corrects it	-	source-renderer.md addendum Diff review color behavior; 9352.index.js:8899-8915; README.md Open gaps (separator correction); spot-check 9352.index.js:8912 (decisions.tsv 2026-09-27T11:58:19Z)	spot-checked	git
review.header	review	Review header row	header: left status + right "esc when done" ("esc" white, the rest of the hint dim)	laid out within W-2 with padding between left and right	Esc done	source-renderer.md addendum Review screen; 9352.index.js:9697-9726	source-derived	none
review.prompt	review	Review prompt box	active: text black on light theme, white on dark ; inactive: border and text dim ; first line: " → " prefix ; continuation lines: 3 spaces ; cursor: gray background in a non-insert vim state, inverse otherwise	top "┌" + "─" × (W-2) + "┐" ; rows "│" + content + padding + "│" ; bottom "└" + "─" × (W-2) + "┘" ; inner width W-2 ; nominal content width W-2-2-3 = W-7	-	source-renderer.md addendum Review screen; 9352.index.js:9046-9172, 8232-8294	source-derived	none
review.help-overlay	review	Review help overlay	open: yellow single-line box, bold title embedded in the top rule, one blank row below the title ; UNRESOLVED: behavior below 26 cells (minimum inner width 24) unverified ; key that opens it not stated	innerWidth = max(24, min(floor(0.6*W), 80)) ; height = helpLines.length + 3 ; top = max(1, floor((contentHeight-height)/2)) ; left = max(1, floor((W-(innerWidth+2))/2)) ; borders "┌─┐│└┘" ; one space of horizontal padding in the body ; clears one outside cell beside each row when room exists	-	source-renderer.md addendum Help overlay, Files Read / open questions; 9352.index.js:9919-9965	source-derived	none
review.diff-body	review	Review diff body	truecolor: added row light "#D0E8C5" / dark "#2b3f2b", removed row light "#F7D1BA" / dark "#402626", inline change per theme.diff-palette ; ansi256: added row 149 (light) / 22 (dark), removed 215 / 52, inline per palette ANSI256 ; basic: added "ESC[42m", removed "ESC[41m", inline bold + underline ; none: no generated row background, inline bold + underline ; viewport starts inside a section: first row replaced by that section's header ; changed row: background padded to terminal width ; new file: no ordinary added-row background ; zen/dim-context: unchanged context dimmed, old-line-number gutter may be blank ; wrap prefix detected: continuation indent = prefix + 2 ; prefix not detected: 12 cells assumed ; UNRESOLVED: sticky headers during resize while scrolled, and full-width backgrounds under syntax/inline highlighting, unverified	wrap width max(1, terminalColumns-4) ; continuation width max(1, wrapWidth-continuationIndent) ; ANSI state tracked across breaks and reset on each emitted line ; prefers earlier spaces for breaks ; wrapping of nonactive sections may be deferred on first render ; painter strips existing background escapes and reapplies the row background after each other SGR	-	source-renderer.md addendum Diff review color behavior, Diff wrapping, Sticky file header and full-width diff backgrounds, Files Read / open questions; 9352.index.js:7477-7504, 8038-8080, 9384-9503, 9738-9902; index.js:88170-88200	source-derived	git
review.diff-prep	review	Review diff gating and context	gated: reason "Lock file diff hidden" (also used for several non-lockfile extensions) ; gated inputs: configured test-gated paths, common lockfiles, binary/media/archive/font extensions, ".min.js", contents with NUL, before+after length over 500,000 or either side over 500,000 ; small diff (changed lines <= 10 and total diff lines <= 400): 10 context lines ; otherwise: 8 context lines ; separated groups: gap record inserted	changed lines grouped when within 2*context+1 ; syntax highlighting enabled after 250 ms ; precomputed and highlighted file caches keep 60 entries each ; sections within five lines beyond the viewport prepared first	-	source-renderer.md addendum Input gating, Context selection; 9352.index.js:7530-7581, 7697-7800, 7970-8037, 9008-9025; index.js:88319, 88321	source-derived	git
transcript.item-wrapper	transcript	Transcript item wrapper	default: each item in Box marginTop 1, flexDirection column ; zen mode: marginTop 0 between consecutive agent-tool-calls items	the previous item used for the margin check skips hidden items (Sn/Cn)	-	source-conversation.md §2 Wrappers in ui.tsx; 9352.index.js:53270-53290, 53300-53330, 52365-52375	source-derived	none
transcript.debug-info	transcript	Debug info item	static only: "Debug info: <url>"	paddingX 2 text	-	source-conversation.md §2 Item-level dispatch; 9352.index.js:33609-33795	source-derived	none
transcript.summary	transcript	Summary item	static: cyan bold title "Summary" + Markdown body	single border, cyan, dim ; paddingLeft 1, paddingRight 4 ; marginY 1, marginX 1 ; width w-2 ; gap 1	-	source-conversation.md §3 Transcript items (Summary); 9352.index.js:29695-29736, 29725	source-derived	none
transcript.agent-text	transcript	Agent text item	static: Markdown with preserveParagraphBreaks and compact ; dynamic: ThrottledMarkdown, rendered only up to the last "\n" while not completed ; streaming as the first step: complete paragraph blocks move to Static	paddingX 2 column	-	source-conversation.md §2 Item-level dispatch, §5; 9352.index.js:33609-33795, 33446-33607	source-derived	none
transcript.user-message	transcript	User message	static: UserMessageUI with images, showInlineImagePreviews true ; dynamic: UserMessage without images ; hideUserMessages: null ; dark: tint "#555566" at 0.82 (fallback "#242428" / 235) ; light: "#b0b0b0" at 0.82 ("#e8e8e8" / 254) ; follow-up dark: "#6a6040" at 0.78 ("#2e2818" / 94) ; follow-up light: "#c8b878" at 0.78 ("#f5efe0" / 230) ; over 150 lines: last shown line ends in "…"	backgroundColor = mix of terminal background and tint ; paddingLeft 1, paddingRight 5, paddingY 1, marginX 1 ; width w-2 ; text color "foreground" ; word-wrapped to w-10 columns ; max 150 lines (p9) ; inline images marginLeft 2, marginTop 1	-	source-conversation.md §3 Transcript items (UserMessageUI), §2; 9352.index.js:31997-32066, 32030, 32053, 64350-64384	source-derived	none
transcript.thinking-block	transcript	Thinking block	with duration: dim "Thought for <dur>" ; without: dim "Thought" ; collapsed: 6 lines + "ctrl+o to expand" ; expanded: 256 lines + "ctrl+o to collapse" ; hidden: unless config display.showThinkingBlocks is true	ToolRowBox (dim single border, gap 0) ; row paddingX 1: dim "…" in a width-2 box + label ; body OverflowMarkdown, dimmed	ctrl+o expand/collapse	source-conversation.md §3 Transcript items (ThinkingBlock), §2 agent-thinking; 9352.index.js:30276-30359, 30333, 33095-33190	source-derived	none
transcript.plan-execution	transcript	Plan execution message	with plan text: dim "Building: <first paragraph>" ; raw message: message text ; empty: "Building plan..."	paddingX 1 ToolRowBox, dim ; inner paddingX 1 dim text	-	source-conversation.md §3 Transcript items (PlanExecutionMessage); 9352.index.js:18552-18595, 18571	source-derived	none
transcript.background-task-completion	transcript	Background task completion	grouped (count > 1): bold "Finished [N background tasks]" ; single: bold "Finished" + " <title>"	paddingRight 2 ; wraps ; item wrapper paddingX 2	-	source-conversation.md §3 Transcript items (BackgroundTaskCompletion), §2; 9352.index.js:4606-4664	source-derived	background-shells;subagents
transcript.goal-continuation	transcript	Goal continuation message	shown: bold "Continuing goal"	paddingX 2	-	source-conversation.md §3 Transcript items (GoalContinuation); 9352.index.js:10331-10354	source-derived	statsig
transcript.shell-turn	transcript	Shell turn (! commands)	running: "$ " + command + dim " Running…" ; finished: "$ " + command + dim " exit N" ; collapsed: 2 input and 6 output lines, then dim "… X input + Y output lines hidden · ctrl+o to expand" ; expanded: 256 lines, yellow dim "Output truncated for display (max 2000 chars/line, 64000 chars total)" and "Output truncated at 1MiB limit (N KB total)", then "ctrl+o to collapse" ; pending turn: dynamic until the turn completes	"$ " in foreground, width 2 ; command in foreground ; output paddingLeft 1, HighlightedCode plaintext, dimmed, tail ; hint paddingLeft 1 ; item wrapper paddingX 2	ctrl+o expand/collapse	source-conversation.md §3 Transcript items (ShellTurnUI), §5; 9352.index.js:29030-29195, 29112	source-derived	none
transcript.subagent-view	transcript	Subagent transcript view	pending: green spinner + bold "Working" ; footer: dim "Subagent · <title>  ·  esc to go back" ; missing session: dim "This subagent's live transcript is no longer available." + "esc to go back" ; UNRESOLVED: README and source-screens Gaps list the subagent detail view internals as unread	full screen ; own Static + dynamic lists with marginTop 1 ; drops header items and communicate-only groups ; hides thinking unless showThinkingBlocks	Esc ; q ; Ctrl+C ; Ctrl+D (back)	source-conversation.md §3 Transcript items (SubagentTranscriptView), §4; 9352.index.js:29346-29534, 29503, 29488-29500; README.md Open gaps; source-screens.md Gaps	source-derived	subagents
transcript.tool-calls-ladder	transcript	agent-tool-calls ladder and grouping	zenMode: ZenToolCalls ; all calls taskToolCall: TaskGroupToolCalls ; length >= 2 and an await-group: paddingX 1 MergedAwait ; length > 1: paddingX 1 MergedReadSearch ; single call: Box paddingX 2 + ToolCall	static path forces isLastStepOfTurn false ; await-group = first call awaitToolCall and every call is await, read, shell, mcp or a grep on a tool-output path ; a call merges into the group only when all calls are read/ls/glob/grep/readLints/semSearch, or all are tasks, or the group is an await-group	-	source-conversation.md §2 Tool-calls ladder, Which calls share a group; 9352.index.js:65051-65093, 65139-65155	source-derived	none
transcript.static-dynamic	transcript	Static versus dynamic item rules	always static: header, debug-info, summary, every completed-turn item ; pending with nothing streamed: user message dynamic ; text streaming as the first step: complete paragraph blocks static (keys "…-block-i-<FNV hash>"), tail dynamic up to its last "\n", user message static once a block commits ; tool calls or thinking already happened: user message and completedSteps static ; thinking: committed straight to Static ; pendingState dynamic: text tail, plan item, one agent-tool-calls item per group (isLastStepOfTurn true, isLastTurn true) ; pending shell turn: dynamic until done ; hidden: agent-thinking unless showThinkingBlocks, communicateUpdate-only groups	text split at the last blank line outside a code fence ; a tool segment commits when text starts, a text or plan state commits when a new tool call starts ; static items pass through static-redraw.HO, then Ink Static (j.jC) with getItemKey = key ; static items come from useDeferredValue while a turn is pending ; dynamic items filtered to pendingStateKey "turn-N-pending-<type>-steps-<n>" or "…-pending-shell", plus a "…-trigger-stable" key ; first dynamic frame not deferred ; builder HE = Ce in agent-ui-state (real module boundary 9352:64990)	-	source-conversation.md §5 Static versus dynamic rules; 9352.index.js:66781-66847, 65911-65923, 65466-65472, 65443-65449, 65186-65202, 53086-53330, 66503-66514	source-derived	none
transcript.render-truncation-notice	transcript	Render truncation notice	more than 10 turns in Static: "Rendering latest messages. Use /full-conversation to render everything" ; /full-conversation on: all turns rendered	static-redraw keeps the last 10 turns	/full-conversation	source-conversation.md §5 Rendering; 9352.index.js:63958-64046; source-screens.md §3 Top-to-bottom layout	source-derived	none
transcript.cleared-notice	transcript	Context-preserved clear notice	staticClearOffset set: dim "Screen and conversation cleared but the context was preserved."	inserted into Static history	-	source-conversation.md §5 Rendering (9352.index.js:63958-64046); source-screens.md §3 Top-to-bottom layout	source-derived	none
transcript.compact-toggle	transcript	Compact / expanded toggle	compact (default): isCompact true ; expanded: !isCompact ; after toggle: only live items change, completed turns stay frozen in Static ; UNRESOLVED: the Static full-redraw path after a ctrl+o toggle not traced	action "toggle_compact" ; shell and task expand use isLastTurn ; Static always passes isLastStepOfTurn false	Ctrl+O toggle	source-conversation.md §0 Compact / expand, §5 Consequences for expansion, Gaps; 9352.index.js:~32915, 24003-24010; source-composer.md §4 (9352.index.js:24001-24015)	source-derived	none
transcript.zen-mode	transcript	Zen display mode	zen: display.mode === "zen" and compact on ; default: zen when statsig gate cli_zen_mode_available is on ; off: normal ladder	ZenToolCalls replaces the tool-call ladder ; agent-tool-calls items lose marginTop between each other	/zen-mode	source-conversation.md §2 Zen mode; 9352.index.js:52634, 53225-53228	source-derived	statsig
transcript.live-thinking-overflow	transcript	Live thinking overflow	shown in the live column: 5 lines (no exact strings given)	listed between the allowlist-fallback notice and the subagent label	-	source-screens.md §3 Top-to-bottom layout	source-derived	none
composer.layout-order	composer	Main chat screen layout order	prompt slot renders the first applicable of: jobs pager ; model details ; message picker ; rewind pager ; side-question overlay ; transfer overlay ; otherwise PromptBar ; above the slot in order: allowlist fallback banner ; generic warning ; SwitchModeSurface ; AskQuestionForm	AskQuestionForm paddingX 1, marginTop 1	-	source-composer.md §1 Layout order in the main chat screen; 9352.index.js:53459-53530, 53400-53457	source-derived	none
composer.prompt-bar-order	composer	PromptBar fragment render order	1 topStatus (renders a single " " spacer line when there is no status and no decision) ; 2 PendingDecisionsBanner (decisions exist but input not in decision mode) ; 3 DecisionSurface (inputMode==="decision" with decisions) ; 4 goal status line (goalState set) ; 5 Composer (display:"none" during a decision, plan suggestion, debug suggestion, switch-mode or ask-question; sudo prompt forces it visible) ; 6 "ctrl+r to review changed files" hint (decision surface showing and files have changed) ; 7 footer ; 8 help hints (after "?" typed on an empty line) ; 9 palette box ; 10 skill hint row ; 11 confirm overlay ; 12 ephemeral lines ; dead code: standalone "N tasks" line guard !Vr||mo||ti is always true (ti = Vr), so background-task counts only ever appear in the footer headline	topStatus box marginX 1, marginTop defaults to 1 ; ctrl+r hint dim, right-aligned, marginX 2 ; palette box height min(items, 10)	ctrl+r	source-composer.md §1 Layout order in the main chat screen; 9352.index.js:24235-24777, 23189, 24603	source-derived	none
composer.container	composer	Composer container geometry	-	width = columns − 2 ; marginX 1 ; inner box has the composer background, paddingLeft 1, no border	-	source-composer.md §2 Composer geometry; 9352.index.js:24779-24823, 24222-24231	source-derived	none
composer.background	composer	Composer background colour	light theme ; dark theme	terminal background mixed with a tint ; light: "#d0d0d0" at 0.9, fallback "#f2f2f2" / ansi 255 ; dark: "#505050" at 0.95, fallback "#151515" / ansi 233	-	source-composer.md §2 Composer geometry; 9352.index.js:22087-22090, index.js:88283-88294	source-derived	none
composer.half-block	composer	Half-block prompt bar padding	half-block mode is on unless AGENT_CLI_DISABLE_HALF_BLOCK_PROMPT_BAR is set, output is not a TTY, TERM is dumb, colour support is "none", or the locale check / terminalSupportsPromptBarHalfPadding() fails ; fallback mode otherwise ; UNRESOLVED: rendered colours, half-block conditions (terminalSupportsPromptBarHalfPadding, locale check Q.E, colour-support detection Y.PT) and final pixel geometry unverified because nothing was run	half-block: a row of "▄" × width drawn above the input and "▀" × width below it, both in the background colour, marginY 0 and paddingY 0 ; fallback: marginY 1 and paddingY 1, so the filled block is 3 rows or more	-	source-composer.md §2 Composer geometry, Gaps; 9352.index.js:24815-24825	source-derived	none
composer.glyph	composer	Composer glyph row	default "→" followed by a space ; ">" while a local agent is running ; "!" in yellow in shell mode ; "&" in magenta in cloud-transfer mode ; dimmed when the input is empty and neither mode is active	promptSymbol default "→ " ; shell glyph "!" yellow ; cloud glyph "&" magenta	-	source-composer.md §2 Composer geometry; 9352.index.js:24298-24312, 21970, 53530	source-derived	none
composer.text-input	composer	Composer text input row	right placeholder "ctrl+c to stop" shown while processing with an empty input ; ghost text appended dim when the cursor is at the end	row justifyContent space-between ; text box flexGrow 1, marginRight 2 ; right placeholder flexShrink 0, marginX 1, dim	-	source-composer.md §2 Composer geometry; 4918.index.js:231-252, 9352.index.js:24347	source-derived	none
composer.wrap-width	composer	Composer wrap width and height	input grows with the text up to 6 visual lines, past that it scrolls a 6-line viewport to keep the cursor visible ; hasAbove and hasBelow are computed but never drawn so there is no scroll indicator ; UNRESOLVED: exact newline keys beyond the help-grid text not traced (use-text-input keymap)	visualLineWidth = columns − 7 (Re = 7) ; max 6 visual lines (V1 = Te = 6) ; wrapping is word-aware ; CJK and emoji count as width 2, combining marks as 0, tabs as 4	-	source-composer.md §2 Composer geometry, Gaps; 9352.index.js:24218, 24826, index.js:88330, 4918.index.js:129-149, 357-384, 258-326	source-derived	none
composer.placeholder	composer	Composer placeholder	first character takes the cursor style and the rest is dim ; texts by input mode: empty chat ; follow-up ; follow-up with plan to review ; shell mode ≥50 cols ; shell mode <50 cols ; ask-question ; switch-mode ; decision ; generate-image-decision ; rejection-reason ; plan-revision	"Plan, search, build anything" ; "Add a follow-up" ; "Add a follow-up — /plan to review and build" ; "Run a command — e.g., git status" (repo) / "… e.g., ls" ; "Run a command" ; "Answer questions (Enter to select/next, Esc to skip)" ; "Approve mode switch (y/n)" ; "Waiting for decision (y/n/p)..." ; "Edit the image prompt, then press Enter to generate" ; "Tell the agent what to do instead (Enter to send, empty to skip, Esc to cancel)" ; "Describe how to revise the plan (Enter to submit, Esc to cancel)"	-	source-composer.md §2 Composer geometry; 4918.index.js:153-162, 9352.index.js:24314-24346	source-derived	none
composer.image-notice	composer	Image decision composer notice	yellow notice inside the composer for image generation decisions	"Edit the prompt, then press Enter to generate. Tab always allows future image generations. Esc skips." in yellow	Tab (always allows future image generations)	source-composer.md §2 Composer geometry; 9352.index.js:24280-24291	source-derived	image-generation
composer.paste-token	composer	Pasted text inline token	pastes over 800 characters collapse to the token	"[Pasted text #N +L lines]" ; dim cyan on dark themes, dim gray on light	-	source-composer.md §2 Composer geometry; 9352.index.js:24452-24459, 21939, 4918.index.js:26-27	source-derived	none
composer.slash-token	composer	Slash command inline token	known slash commands in the text are highlighted	bold cyan on dark, bold blue on light	-	source-composer.md §2 Composer geometry; 4918.index.js:28-36	source-derived	none
composer.image-token	composer	Image inline token	image paths or clipboard images become the token	"[Image #N]"	-	source-composer.md §2 Composer geometry; 9352.index.js:23335-23355	source-derived	none
composer.cursor	composer	Composer cursor styles	default inverse video ; vim NORMAL gray background ; vim VISUAL white on blue, which also styles the selection	-	-	source-composer.md §2 Composer geometry; 4918.index.js:155-160	source-derived	none
composer.goal-status-line	composer	Goal status line	renders when goalState is set ; UNRESOLVED: goal status line internals not traced in depth	-	-	source-composer.md §1 Layout order in the main chat screen, Gaps; 9352.index.js:24235-24777	source-derived	none
composer.ephemeral-lines	composer	Ephemeral lines	styled by content: "error:" red ; "unknown command:" yellow ; "Available models:" cyan ; "Commands:" / "Examples:" / "Usage:" bold cyan ; "/cmd - desc" command in cyan with description dim ; anything else dim	marginTop 1, paddingX 2	-	source-composer.md §7 Queued messages, banners and ephemeral lines; 9352.index.js:25731-25864	source-derived	none
composer.side-question-overlay	composer	Side question overlay (/btw)	shows "Thinking" with dots while loading, then the markdown answer, then dim "Press any key to dismiss"	1-column left bar in a mixed grey ("#707070" on dark, "#8a8a8a" on light, both at 0.9) ; bold cyan "/btw" ; question in gray	any key dismisses	source-composer.md §7 Queued messages, banners and ephemeral lines; 9352.index.js:29197-29308	source-derived	none
composer.transfer-overlay	composer	Transfer overlay	green dots spinner with bold "Moving to cloud" or the current status ; Esc and Ctrl+C abort	dim "esc to abort"	Esc ; Ctrl+C	source-composer.md §7 Queued messages, banners and ephemeral lines; 9352.index.js:30709-30762	source-derived	cloud-agents
footer.container	footer	PromptFooter render conditions	renders only when input mode is message ; no palette is open ; no plan or debug suggestion is showing ; no interaction prompt or sudo prompt is showing ; input is not disabled and shouldSuppressFooter is false ; AGENT_CLI_HIDE_PROMPT_BAR is not set	column with marginLeft 2, marginRight 1	-	source-composer.md §3 Footer fields; 9352.index.js:26188-26398, 24606-24613	source-derived	none
footer.exit-armed	footer	Exit-armed footer state	replaces the whole footer with one dim line: "Press Ctrl+D again to exit" or "Press Ctrl+C again to exit"	dim line, marginTop 1	Ctrl+D ; Ctrl+C	source-composer.md §3 Footer fields; 9352.index.js:23073-23078, 26244-26252	source-derived	none
footer.headline	footer	Footer row A headline	cloud transfer "^ Move to cloud agent" (more than 60 cols) / "^ Cloud agent", magenta ; cloud setup required "^ Please set up cloud agents to move to cloud (Enter to open setup)" / "^ Set up cloud agents (Enter)", magenta ; custom mode "<label> (shift+tab to exit)" in the mode's colorId or the default x.t ; plan "Plan (shift+tab to cycle)" yellow ; search (Ask) "Ask (shift+tab to cycle)" green ; debug "Debug (shift+tab to cycle)" "#E34671" ; default none ; UNRESOLVED: default custom-mode colour (x.t in custom-mode-types.ts) and mode display-name mapping (interaction-utils dy) were not read	rendered only when set ; props built from mode state	shift+tab (exit custom mode / cycle)	source-composer.md §3 Footer fields, Gaps; 9352.index.js:24627-24725	source-derived	cloud-agents
footer.headline-jobs	footer	Footer headline with background jobs	when background jobs exist the headline becomes a mode word, a dim "·", then "N task(s)" in blue ; plan mode reads "Plan · N tasks" ; Ask mode "Ask · N tasks" ; default mode is just the task count ; when the jobs entry is focused the count is inverse blue followed by dim " · Enter to view jobs"	-	Enter (view jobs)	source-composer.md §3 Footer fields; 9352.index.js:24627-24725	source-derived	background-shells
footer.status-row	footer	Footer row B status row	left group gap 1, every item dim: rightStatusLabel "·" (prop exists but PromptBar never passes it) ; model display name ("Starting..." until known) then the parameter summary then " · MAX" when max mode is on ; "·" then context usage percentage with one decimal dropping a trailing ".0" (e.g. "42%", "42.5%"), falling back to a formatted token count when no percentage is available ; "·" then "N file(s) edited" when N > 0	right group flexShrink 0, paddingRight 1 (holds the autorun label and the vim label)	-	source-composer.md §3 Footer fields; 9352.index.js:22094-22109, 24126-24139	source-derived	none
footer.autorun-label	footer	Footer autorun label	"Run Everything" ; "Run in Sandbox" (sandbox-only availability) ; "Auto-review" (approval mode is auto-review and it is available)	magenta, at the right of the status row	-	source-composer.md §3 Footer fields; 9352.index.js:24938-24954	source-derived	sandbox-runtime
footer.location-row	footer	Footer row C location row	-	dim ; "~/cwd · <branch> · #<PR>" ; the PR number is a terminal hyperlink	-	source-composer.md §3 Footer fields; 9352.index.js:26372-26387	source-derived	git
footer.custom-status-line	footer	Custom status line	command-type statusLine config spawns a command every 300 ms or more with a 2 s timeout, writing JSON to its stdin ; stdout is split on newlines, one text line each ; passed as customFooterLine, which replaces rows B and C while the headline stays ; UNRESOLVED: statusLinePadding from use-status-line is passed down but its application was not traced	-	-	source-composer.md §3 Footer fields, Gaps; 9352.index.js:44842-45104, 29316-29345, 53814-53821, 26294, 59210	source-derived	none
footer.help-grid	footer	"?" keybinding help grid	shown after "?" is typed on an empty line ; entries: "/" for commands ; "!" for shell ; "@" for files ; "&" to move to cloud ; "\ + ⏎ or shift + ⏎" for new line ; "Ctrl+L" to clear screen ; "Ctrl+G" open prompt in $EDITOR ; "shift + tab" to switch mode ; "/run-everything" to enable Run Everything	keys cyan and descriptions dim ; splits into 2 columns with columnGap 4 if they fit, otherwise 1 column	/ ; ! ; @ ; & ; \+⏎ ; shift+⏎ ; Ctrl+L ; Ctrl+G ; shift+tab ; /run-everything	source-composer.md §4 Keybindings shown in hints; 9352.index.js:26481-26511	source-derived	none
footer.composer-keys	footer	Composer keys outside the help grid	Ctrl+Y opens the resume picker ; Ctrl+/ (or \x1f) cycles the model ; Ctrl+O toggles compact mode ; Ctrl+R reviews changed files ; Ctrl+D twice exits ; double Ctrl+B sends the shell to the background with a 1000 ms gap ; ↑ at the first line walks history or edits the first queued message ; space after /model opens the model typeahead	-	Ctrl+Y ; Ctrl+/ ; Ctrl+O ; Ctrl+R ; Ctrl+D ; Ctrl+B ×2 ; ↑ ; space	source-composer.md §4 Keybindings shown in hints; 9352.index.js:21605-21640, 23960-23998, 24001-24015, 24018-24023, 23560-23561, 24520, 24174-24183, 37505	source-derived	persistent-sessions;background-shells
footer.inline-hints	footer	Inline hints	"ctrl+c to stop" while processing with an empty input ; "ctrl+r to review changed files" while the decision surface is showing and files have changed ; "…(plan truncated) ctrl+o to expand"	ctrl+r hint dim, right-aligned, marginX 2	ctrl+c ; ctrl+r ; ctrl+o	source-composer.md §4 Keybindings shown in hints, §1; 9352.index.js:6743, 24347	source-derived	none
footer.tips	footer	Tips line	turn-spinner "Tip:" line drawn from a randomised pool at a default rate of 0.3, configurable through Statsig ; event-driven tip "Use /run-everything for Run Everything." fires after two or more Shift+Tab mode switches ; UNRESOLVED: the full random-pool tip text was not read (Statsig config)	"Tip:" line in ansi256(245)	-	source-composer.md §4 Keybindings shown in hints, Gaps; 9352.index.js:53799-53810, 36420-36444, 36227-36393	source-derived	statsig
palette.row-layout	palette	PaletteAlignedList row layout	selected row gets the highlight-colour stripe, bold label and bold description ; unselected rows dim with blank prefix	list paddingX 2 ; each row: 1-column stripe filled with the highlight colour only when selected ; 2-column prefix "→ " or "  " (dim when not selected) ; label column of fixed width with marginRight 2, bold when selected, dim otherwise, truncated at the end ; description column flexGrow, bold when selected, dim otherwise, word-truncated with "…" to width − 4 − (3 + labelCols + 2) ; overflow rows "↑ more above" and "↓ more below" dim with paddingLeft 3, taking slots from the 10-row page	-	source-composer.md §5 Palettes; 9352.index.js:25893-25990	source-derived	none
palette.highlight-color	palette	Palette highlight colour	magenta in cloud mode ; yellow in shell mode ; cyan for ask-question, switch-mode, rejection-reason and plan-revision ; yellow for decision and image decision ; foreground otherwise	-	-	source-composer.md §5 Palettes; 9352.index.js:22503-22521	source-derived	none
palette.slash	palette	Slash palette	empty result shows "No matches", dim	label column is a fixed 24 columns ; labels read "/id <required> [optional]"	-	source-composer.md §5 Palettes; 9352.index.js:26051-26150	source-derived	none
palette.slash-filtering	palette	Slash palette filtering and sorting	priority 0-5 checked in order: 0 exact id match ; 1 exact match on a boosted alias ; 2 id starts with the query ; 3 id contains the query ; 4 title or description contains the query, or an alias prefix matches ; 5 anything else ; rows with priority 5 and score 0 are dropped ; sorting is by priority, then score descending, then original order	a fuzzy score on "id title" is also computed	-	source-composer.md §5 Palettes; 9352.index.js:38297-38344	source-derived	none
palette.skill-hint	palette	Skill item hint row	shown when a skill item is selected in the slash palette	dim row with paddingLeft 5 reading "enter to attach · option+enter to use as mode"	enter (attach) ; option+enter (use as mode)	source-composer.md §5 Palettes, §1; 9352.index.js:26051-26150	source-derived	none
palette.navigation	palette	Palette navigation windows	slash palette navigation uses a window of 10 and accepts vim j/k in NORMAL mode ; @ palette navigation window is 6 while the render page size is 10 ; UNRESOLVED: whether the @ 6-vs-10 mismatch causes visible scroll glitches was not checked at runtime	-	↑/↓ ; j ; k	source-composer.md §5 Palettes, Gaps; 9352.index.js:38202, 37534	source-derived	none
palette.at	palette	@ palette	triggers on /(^|[^A-Za-z0-9._\-/])@([A-Za-z0-9._\-/]*)$/ but not when the input starts with "/" ; Esc suppresses it	label is the basename (directories keep a trailing "/") ; description is the parent path ; label column is min(longest label, 40)	Esc (suppress)	source-composer.md §5 Palettes; 9352.index.js:25999-26050, 37525-37540	source-derived	none
decision.surface-frame	decision	Tool DecisionSurface frame	pager shell with variant "condensed" (margin 0) ; "Approval i of n" dim, only when there are several approvals ; subtitle dim showing the shell reason or "in <path>" for writes, only when there is no classifier reason ; footer "←/→ to switch approval" only when there are several approvals ; UNRESOLVED: approval-dialog.tsx is also reused by MCP and workspace approval flows in index.js, outside this slice	primary colour "#A78BFA" ; border is a top rule only (single line, purple) with paddingX 1 ; outer box paddingBottom 1	←/→ (switch approvals)	source-composer.md §6.1 Tool DecisionSurface, Gaps; 9352.index.js:25651-25730	source-derived	none
decision.classifier-notice	decision	Auto-review classifier notice	shown when a classifier reason exists, suppressing the subtitle	yellow "⚠ " then bold "Auto-review: " then the reason	-	source-composer.md §6.1 Tool DecisionSurface; 9352.index.js:24955-25006	source-derived	sandbox-runtime
decision.dropdown	decision	Decision dropdown rows	selected row bold and drawn in the highlight colour, its hint defaulting to "(enter)" when it has none ; unselected rows drawn in foreground ; disabled rows dim	each row has paddingLeft 1 and reads "→ " + label + " " + hint	-	source-composer.md §6.1 Tool DecisionSurface; 9352.index.js:25302-25346	source-derived	none
decision.keys	decision	Decision surface keys	y approve ; n, Esc or Ctrl+G reject (MCP, search, fetch, delete) or propose (shell, write, image) ; p propose ; Ctrl+C reject ; Tab allowlist-approve ; Shift+Tab autorun-approve, which enables Run Everything then approves every pending decision ; Enter activates the selected row ; ↑/↓ and Ctrl+P/Ctrl+N move between rows ; ←/→ switch between approvals ; vim NORMAL j/k/h/l/q same as ↓/↑/←/→/reject	-	y ; n ; Esc ; Ctrl+G ; p ; Ctrl+C ; Tab ; Shift+Tab ; Enter ; ↑/↓ ; Ctrl+P ; Ctrl+N ; ←/→ ; j ; k ; h ; l ; q	source-composer.md §6.1 Tool DecisionSurface; 9352.index.js:25354-25388, 4918.index.js:1987-1993, 37727-37772	source-derived	sandbox-runtime
decision.preview-shell	decision	Shell context preview	-	3-column gutter "$ ", then the command, then dim "in <cwd≤50>"	-	source-composer.md §6.2 Context preview and PendingDecisionsBanner; 9352.index.js:25044-25289	source-derived	none
decision.preview-write	decision	Write context preview	-	path plus "+/−" delta, then a dim top rule over a diff capped at 40 lines	-	source-composer.md §6.2 Context preview and PendingDecisionsBanner; 9352.index.js:25044-25289	source-derived	none
decision.preview-delete	decision	Delete context preview	-	dim "Delete file: <path>"	-	source-composer.md §6.2 Context preview and PendingDecisionsBanner; 9352.index.js:25044-25289	source-derived	none
decision.preview-web-search	decision	Web search context preview	-	cyan "🔍 ", bold "Web Search: "	-	source-composer.md §6.2 Context preview and PendingDecisionsBanner; 9352.index.js:25044-25289	source-derived	web-search
decision.preview-web-fetch	decision	Web fetch context preview	-	cyan "🌐 ", bold "Web Fetch: "	-	source-composer.md §6.2 Context preview and PendingDecisionsBanner; 9352.index.js:25044-25289	source-derived	web-search
decision.preview-image	decision	Image context preview	-	magenta "🖼️ ", bold "Generate Image: ", then dim "Save as:" and "Reference images: N"	-	source-composer.md §6.2 Context preview and PendingDecisionsBanner; 9352.index.js:25044-25289	source-derived	image-generation
decision.title-shell	decision	Shell decision title	"Run this command?" ; "… outside the sandbox?" when a sandbox is available	bold purple	-	source-composer.md §6.1 Tool DecisionSurface; 9352.index.js:25580-25598	source-derived	sandbox-runtime
decision.title-mcp	decision	MCP decision title	"Run this MCP tool?"	bold purple	-	source-composer.md §6.1 Tool DecisionSurface; 9352.index.js:25580-25598	source-derived	mcp
decision.title-delete	decision	Delete decision title	"Delete this file?"	bold purple	-	source-composer.md §6.1 Tool DecisionSurface; 9352.index.js:25580-25598	source-derived	none
decision.title-write	decision	Write decision title	"Write to this file?"	bold purple	-	source-composer.md §6.1 Tool DecisionSurface; 9352.index.js:25580-25598	source-derived	none
decision.title-web-search	decision	Web search decision title	"Allow this web search?"	bold purple	-	source-composer.md §6.1 Tool DecisionSurface; 9352.index.js:25580-25598	source-derived	web-search
decision.title-web-fetch	decision	Web fetch decision title	"Allow this web fetch?"	bold purple	-	source-composer.md §6.1 Tool DecisionSurface; 9352.index.js:25580-25598	source-derived	web-search
decision.title-image	decision	Image decision title	"Proceed with this edit?"	bold purple	-	source-composer.md §6.1 Tool DecisionSurface; 9352.index.js:25580-25598	source-derived	image-generation
decision.options-shell	decision	Shell decision options	"Run (once)", or "Run outside sandbox (once)" (y) ; "Add Shell(x), … to allowlist?" (tab) ; autorun option ; "Skip & tell the agent what to do instead" (esc or n)	-	y ; tab ; shift+tab (autorun) ; esc ; n	source-composer.md §6.1 Tool DecisionSurface; 9352.index.js:25389-25579	source-derived	sandbox-runtime
decision.options-mcp	decision	MCP decision options	"Run (once)" (y) ; "Allowlist MCP Tool" (tab) ; "Reject & propose changes" (p) ; "Skip" (esc or n)	-	y ; tab ; p ; esc ; n	source-composer.md §6.1 Tool DecisionSurface; 9352.index.js:25389-25579	source-derived	mcp
decision.options-delete	decision	Delete decision options	"Delete" (y) ; "Keep" (n)	-	y ; n	source-composer.md §6.1 Tool DecisionSurface; 9352.index.js:25389-25579	source-derived	none
decision.options-write	decision	Write decision options	"Proceed" (y) ; "Reject & propose changes" (esc or n or p) ; "Add Write(<path≤30>) to allowlist?", or "Add to allowlist" (tab) ; autorun option	allowlist option label truncates the path at 30 characters	y ; esc ; n ; p ; tab ; shift+tab (autorun)	source-composer.md §6.1 Tool DecisionSurface; 9352.index.js:25389-25579	source-derived	sandbox-runtime
decision.options-web-search	decision	Web search decision options	"Allow search" (y) ; autorun option ; "Skip" (esc or n)	-	y ; shift+tab (autorun) ; esc ; n	source-composer.md §6.1 Tool DecisionSurface; 9352.index.js:25389-25579	source-derived	web-search;sandbox-runtime
decision.options-web-fetch	decision	Web fetch decision options	"Fetch" (y) ; "Always allow <domain>" (tab) ; "Skip" (esc or n)	-	y ; tab ; esc ; n	source-composer.md §6.1 Tool DecisionSurface; 9352.index.js:25389-25579	source-derived	web-search
decision.autorun-option	decision	Autorun decision option	"Run Everything" (shift+tab) ; "Run in Sandbox" (shift+tab) ; "Checking Run Everything availability" (loading, disabled) ; omitted when disabled or when a session decision is active	-	shift+tab	source-composer.md §6.1 Tool DecisionSurface; 9352.index.js:25389-25579	source-derived	sandbox-runtime
decision.pending-banner	decision	PendingDecisionsBanner	shown when decisions are pending and the input is not in decision mode	stack of the context previews in a single dim-bordered box with paddingX 1 and marginX 1	-	source-composer.md §6.2 Context preview and PendingDecisionsBanner; 9352.index.js:26151-26187	source-derived	none
decision.switch-mode-surface	decision	SwitchModeSurface	title bold cyan "Switch to <Mode> mode?" with dim explanation ; options "Approve mode switch" (y) and "Reject" (n or esc) ; countdown auto-rejects when the bar runs out over 15 s	cyan pager shell ; top bar is a countdown bar: "━" in cyan for the remaining time and "─" dim for elapsed, across the full width, over 15 s (uz) ; no top-rule border because there is a top bar ; footer "↑/↓ to navigate • Enter to select • auto-rejects when the bar runs out"	↑/↓ ; Enter ; y ; n ; Esc ; Ctrl+C	source-composer.md §6.3 SwitchModeSurface; 9352.index.js:26512-26582, index.js:88306, 9352.index.js:18142-18171, 18478-18483, 23586-23599	source-derived	none
decision.plan-suggestion	decision	Plan suggestion surface	rendered in the transcript, composer hidden while showing ; title "Suggested Plan" in bold yellow followed by the markdown plan ; dim "Saved to <uri>" ; dim rule then "Ready to build?" in yellow ; options "1. Yes, build locally" (b) ; "2. Yes, build in cloud" (c), only in a repo ; "N. No, propose changes" (p or Esc)	single-border box in yellow	b or 1 (build locally) ; c or 2 (build in cloud) ; Shift+Enter (build in cloud) ; p, 3 (repo) or 2 (not a repo) (reject) ; Esc ; Ctrl+C	source-composer.md §6.4 Plan suggestion and debug suggestion; 9352.index.js:6684-6800, 23866-23918	source-derived	cloud-agents
decision.debug-suggestion	decision	Debug suggestion surface	rendered in the transcript, composer hidden ; "Reproduction Steps" in bold "#E34671" then "Ready to proceed?" ; options "1. Proceed" (enter) ; "2. Mark as fixed" (f) ; "3. Write a follow-up" (w) ; follow-up input has placeholder "Add more detail…" with hint "Enter to send · Esc to cancel"	single-border box in "#E34671" ; follow-up input has a left-only border	1 ; 2 ; 3 ; f ; w ; Esc (dismiss)	source-composer.md §6.4 Plan suggestion and debug suggestion; 9352.index.js:6859-6980, 25007-25043	source-derived	none
decision.ask-question-form	decision	AskQuestionForm	title bold cyan defaulting to "Clarifying Questions" ; then dim "Question i of n" then "i. <prompt>" with " (multi-select)" when applicable ; selected row cyan with markers "› [ ]" / "› [x]", other rows dim "  [ ]" / "  [x]" ; labels of the form "Key:rest" have the key part in bold ; freeform option shows bold "Other:" with inline text, reading "(type to answer)" when empty ; hint "↑/↓ option · ←/→ question · Space select · Enter next/submit · Esc to skip" ; PromptBar adds Tab and Shift+Tab to switch questions, s to submit, k/Esc/Ctrl+C to skip	single-border box in cyan, not dimmed, paddingX 1, gap 1	↑/↓ ; ←/→ ; Space ; Enter ; Esc ; Tab ; Shift+Tab ; s ; k ; Ctrl+C	source-composer.md §6.5 AskQuestionForm; 9352.index.js:3349-3761, 23755-23760	source-derived	none
decision.sudo-prompt	decision	Sudo password prompt	renders inside the composer's background block ; header yellow "🔐 " plus bold "Sudo Authentication Required" with the prompt text dim ; "Password: " in cyan then one "•" per character, or a dim "Enter password..." placeholder, then an inverse cursor ; status "Press Enter to submit, Escape to cancel" or "Authenticating..." once submitted ; italic dim note "Your password is secure and will not be visible to the AI model."	round border in yellow, paddingX 2, paddingY 1	Enter (submit) ; Escape (cancel) ; Ctrl+U (clear field)	source-composer.md §6.6 Sudo password prompt; 9352.index.js:29585-29694, 24276	source-derived	none
decision.confirm-overlay	decision	Confirm overlay	header yellow "⚠ " plus a bold title with the detail following ; selected option green "▶ " plus bold "[y] Continue" ; other option dim "[n] Cancel" ; footer "Use arrow keys to navigate, Enter to select, or press the key shown" ; only caller in this slice asks "Set Run Everything as your default?" with labels "Update settings" / "Not now", triggering after 3 Run Everything choices in a row with a 7-day cooldown	round border in yellow, paddingX 2, paddingY 1, marginX 2	↑/k ; ↓/j ; Enter ; y ; n ; Esc ; Ctrl+G ; Ctrl+C	source-composer.md §6.7 Confirm overlay; 9352.index.js:38862-39021, 22313-22319, 49636-49684	source-derived	sandbox-runtime
decision.sandbox-intro	decision	Sandbox intro (execution-mode approval)	standalone Ink dialog shown before chat ; variant info with round border in blue, "ℹ " header, selection uses a green "▶" ; "Command Execution" options "[a] Auto - Commands run in sandbox automatically with configurable network access", "[m] Manual - All commands require approval (allowlist mode)", "[u] Run Everything - All commands run unsandboxed without approval", "[q] Quit" ; choosing Auto leads to "Network Access Configuration" options "[y] Yes - Enable network access in sandbox", "[n] No - Disable network access in sandbox (allowlist only)", "[q] Quit" ; Esc and Ctrl+C choose the last option (Quit)	-	a ; m ; u ; q ; y ; n ; Esc ; Ctrl+C	source-composer.md §6.8 Sandbox intro (execution-mode approval); 9352.index.js:34944-35076, index.js:87158-87270	source-derived	sandbox-runtime
banner.follow-ups	banner	Queued follow-ups banner	sits inside topStatus above the composer with marginBottom 1 ; message text dim, at most 2 lines per message, truncated text ends in "…" ; steering messages get suffix " · steering" ; the row being edited uses a cyan "› " and an inline text input ; footer line has an optional "+N more lines · " prefix then "enter send now" / "enter steer" / "enter interrupt and send" followed by " · ↑ select/edit · esc cancel" ; "↑ to edit" when the input is not empty ; "editing · enter done · esc close" while editing	hand-drawn yellow box headed "┌─ follow-ups", width E = max(20, cols − 4)	enter (send/steer/interrupt) ; ↑ (select/edit) ; esc (cancel)	source-composer.md §7 Queued messages, banners and ephemeral lines; 9352.index.js:26583-26800	source-derived	none
banner.working-status	banner	Working status display	green animated-dots spinner then bold "Thinking", "Summarizing" or a custom label, then the token count dim ; "Reconnecting" in white with dim "(attempt N, Ns)" ; on failure a red "!" and a bold red message	-	-	source-composer.md §7 Queued messages, banners and ephemeral lines; 9352.index.js:53700-53810	source-derived	none
banner.warnings	banner	Allowlist fallback and generic warning banners	allowlist fallback banner ends "… Falling back to allowlist mode for this session." ; generic warning banner uses the same style	round yellow border, yellow text	-	source-composer.md §1 Layout order in the main chat screen; 9352.index.js:53400-53412, 53428-53439	source-derived	sandbox-runtime
mode.shift-tab-cycle	mode	Shift+Tab mode cycling	cycles the agent mode through ["default","plan","debug","search"] ; plan stays in the cycle because the S8 flag is true ; disabled during a decision, an image decision, an interaction prompt, or when disableModeSwitch is set ; in a custom mode it exits the mode instead	-	shift+tab	source-composer.md §8 Mode switching visuals; 9352.index.js:24357-24371, index.js:192099	source-derived	none
mode.headline-colors	mode	Mode headline colours	default has none ; plan yellow ; Ask green ; debug "#E34671" ; custom modes use their own colour ; UNRESOLVED: default custom-mode colour (x.t) and mode display-name mapping were not read	-	-	source-composer.md §8 Mode switching visuals, §3, Gaps; 9352.index.js:24627-24725	source-derived	none
mode.shell	mode	Shell mode visuals	entered with "!" on an empty line ; glyph becomes "!" in yellow ; placeholder switches to the shell examples ; palette highlight turns yellow ; Esc or Backspace on an empty line leaves the mode	-	! (enter mode) ; Esc ; Backspace	source-composer.md §8 Mode switching visuals; 9352.index.js:24188, 24046-24049	source-derived	none
mode.cloud	mode	Cloud mode visuals	entered with "&", only in a repo ; glyph becomes "&" in magenta ; headline shows "^ Move to cloud agent" ; palette highlight turns magenta ; if access is missing the setup-required headline appears instead	-	& (enter mode)	source-composer.md §8 Mode switching visuals; 9352.index.js §8 cloud mode	source-derived	cloud-agents;git
mode.autorun-indicators	mode	Autorun, sandbox and auto-review indicators	magenta label at the right of the footer showing "Run Everything" / "Run in Sandbox" / "Auto-review" ; plus the Shift+Tab option in approval dropdowns	-	shift+tab (autorun option)	source-composer.md §8 Mode switching visuals, §3; 9352.index.js:24938-24954	source-derived	sandbox-runtime
mode.yolo	mode	Yolo mode indicator	only the --yolo CLI flag exists ; no distinct TUI indicator found in this slice	-	-	source-composer.md §8 Mode switching visuals; 9352.index.js:1001, 1350	source-derived	none
mode.switch-tool-row	mode	Switch-mode tool call row	reads "SwitchMode → <Mode>" with note "Switched from X to Y", "Mode switch rejected", or a red error	-	-	source-composer.md §8 Mode switching visuals; 9352.index.js:29738-29855	source-derived	none
vim.state	vim	Vim mode state	modes are insert, normal and visual ; the setting is persisted in editor.vimMode ; disabling vim forces insert	-	-	source-composer.md §9 Vim mode indicators; 4918.index.js:521-566	source-derived	none
vim.footer-label	vim	Vim footer label	dim, at the right of the status row ; reads "-- INSERT --" or "-- VISUAL --" ; hidden in NORMAL because the condition is vimEnabled && mode !== "normal"	-	-	source-composer.md §9 Vim mode indicators; 9352.index.js:24620-24623	source-derived	none
vim.cursor	vim	Vim cursor styles	inverse in insert ; gray background in normal ; white on blue in visual	-	-	source-composer.md §9 Vim mode indicators; 4918.index.js:155-160	source-derived	none
vim.navigation	vim	Vim navigation keys	in NORMAL mode j/k move through palettes and j/k/h/l/q drive decisions (same as ↓/↑/←/→/reject) ; UNRESOLVED: vim-commands/vim-engine operators not traced in depth	-	j ; k ; h ; l ; q	source-composer.md §9 Vim mode indicators, Gaps; 4918.index.js:521-566	source-derived	none
vim.esc-behavior	vim	Vim Esc behavior	in plan-revision with vim in insert mode, Esc switches to normal mode and does not cancel the revision	-	Esc	source-composer.md §9 Vim mode indicators; 9352.index.js:21596-21598, 24059-24062	source-derived	none
command.registry-lookup	command	Slash command registry lookup helper	registry.ts is only a lookup helper; I0 finds a command whose id or any boostedAlts entry equals the typed token, ignoring case; Fn collects every id and alt into a reserved-token set; boostedAlts are the aliases	-	-	source-screens.md §1 Slash command registry (How the list is built); 9352.index.js:2089-2119	source-derived	none
command.list-order	command	Slash command list build order	final order is built-ins, then per-model commands, then extras (dynamic, custom, plugin, subagent); any command with a visible() function is dropped when it returns false; dynamic commands come from slash-command-context.tsx which keeps an array and registering an existing id replaces it; ui.tsx does the registering	-	-	source-screens.md §1 Slash command registry (How the list is built); 9352.index.js:40572, 44791, 44511, 33193-33227	source-derived	none
command.model	command	/model built-in command	always visible; description "Select model (Tab to edit)"; opens the model picker via onOpenModelPicker	-	-	source-screens.md §1 Built-in commands (in push order); 9352.index.js:44511	source-derived	none
command.goal	command	/goal built-in command	visible when Statsig flag agent_goal_continuation is on and not a local agent; with an argument submits /goal <objective>; with no argument prints the usage line	dim "Usage: /goal <objective>"	-	source-screens.md §1 Built-in commands (in push order); 9352.index.js:54105-54110	source-derived	statsig
command.add-dir	command	/add-dir built-in command	always visible (workspace manager is always passed); adds a directory to the current workspace; prints a green or red result line	green or red result line	-	source-screens.md §1 Built-in commands (in push order); 9352.index.js:54050	source-derived	none
command.save-workspace	command	/save-workspace built-in command	always visible (workspace manager is always passed); persists the current workspace directories; prints a green or red result line	green or red result line	-	source-screens.md §1 Built-in commands (in push order); 9352.index.js:54050	source-derived	none
command.load-workspace	command	/load-workspace built-in command	always visible (workspace manager is always passed); loads a saved workspace by name; prints a green or red result line	green or red result line	-	source-screens.md §1 Built-in commands (in push order); 9352.index.js:54050	source-derived	none
command.detach	command	/detach built-in command	visible only when a persistent session is active (J.y1()); leaves this persistent session running in the background	-	-	source-screens.md §1 Built-in commands (in push order); 9352.index.js:40776	source-derived	persistent-sessions
command.run-everything	command	/run-everything built-in command (alias /auto-run)	aliases: auto-run; always visible; description "Toggle Run Everything (currently …)"; label becomes "Run in Sandbox" for sandbox-only availability, also "Checking … availability..." or "…disabled by admin settings"	blue "Run Everything: ON (…)"; dim "OFF"	-	source-screens.md §1 Built-in commands (in push order)	source-derived	sandbox-runtime
command.auto-review	command	/auto-review built-in command (alias /smart-auto)	aliases: smart-auto; always visible; description "Toggle Auto-review (currently …)" or "…unavailable for this session"; prints a status line	status line	-	source-screens.md §1 Built-in commands (in push order)	source-derived	none
command.plan	command	/plan built-in command	always visible; with a prompt submits the prompt in plan mode; without a prompt shows the existing plan with options	-	-	source-screens.md §1 Built-in commands (in push order)	source-derived	none
command.ask	command	/ask built-in command	always visible; toggles ask mode (Q&A, read-only; no edits or command execution)	green "Ask mode enabled" or "disabled"	-	source-screens.md §1 Built-in commands (in push order)	source-derived	none
command.debug	command	/debug built-in command	always visible; toggles debug mode, or submits a prompt in debug mode when given an argument	-	-	source-screens.md §1 Built-in commands (in push order)	source-derived	none
command.logs	command	/logs built-in command	always visible; prints the current debug log file path and copies it to the clipboard; lingers 15 s	lingers 15 s	-	source-screens.md §1 Built-in commands (in push order)	source-derived	none
command.update	command	/update built-in command	always visible; on the static channel prints a notice; tears down the TUI, then runs the updater	-	-	source-screens.md §1 Built-in commands (in push order)	source-derived	updater
command.max-mode	command	/max-mode built-in command	visible when enableMaxMode is on and the model supports it; description "Toggle max mode (currently …)"; prints "Max mode: ON/OFF"	"Max mode: ON/OFF"	-	source-screens.md §1 Built-in commands (in push order); 9352.index.js:41195	source-derived	none
command.fast	command	/fast built-in command	always visible; toggles fast mode; prints "Fast mode: ON/OFF"	"Fast mode: ON/OFF"	-	source-screens.md §1 Built-in commands (in push order)	source-derived	none
command.rename	command	/rename built-in command (aliases /name, /title)	aliases: name, title; always visible; renames the current chat session; prints "Renamed chat to <name>"	"Renamed chat to <name>"	-	source-screens.md §1 Built-in commands (in push order)	source-derived	none
command.clear	command	/clear built-in command (aliases /new, /new-chat, /newchat)	aliases: new, new-chat, newchat; always visible; starts a new chat session; prints "Creating new chat..." then "New chat: <id>"	"Creating new chat..."; "New chat: <id>"	-	source-screens.md §1 Built-in commands (in push order)	source-derived	none
command.resume	command	/resume built-in command (aliases /continue, /recent, /history)	aliases: continue, recent, history; always visible; opens the resume picker (unified-list-pager) inside the app	-	-	source-screens.md §1 Built-in commands (in push order)	source-derived	persistent-sessions
command.fork	command	/fork built-in command (aliases /duplicate, /clone, /branch)	aliases: duplicate, clone, branch; always visible; forks the current chat into a new session; prints a message that persists until input	message persists until input	-	source-screens.md §1 Built-in commands (in push order)	source-derived	none
command.summarize	command	/summarize built-in command (aliases /compress, /compact)	aliases: compress, compact; always visible; summarizes the conversation to reduce context	-	-	source-screens.md §1 Built-in commands (in push order)	source-derived	none
command.rewind	command	/rewind built-in command (aliases /restore, /undo)	aliases: restore, undo; always visible; opens the rewind pager; UNRESOLVED: config rewind (Qn, 9352.index.js:54074) probably gates the rewind UI but the command itself is always registered — not resolved	-	-	source-screens.md §1 Built-in commands (in push order); §Gaps	source-derived	git
command.vim	command	/vim built-in command	always visible; toggles Vim keys (currently …)	-	-	source-screens.md §1 Built-in commands (in push order)	source-derived	none
command.zen-mode	command	/zen-mode built-in command (alias /zen)	aliases: zen; visible when Statsig flag cli_zen_mode_available is on; toggles compact one-line tool calls (currently on/off)	-	-	source-screens.md §1 Built-in commands (in push order); 9352.index.js:41719	source-derived	statsig
command.line-numbers	command	/line-numbers built-in command (aliases /lines, /numbers)	aliases: lines, numbers; always visible; toggles line numbers in code blocks (currently …)	-	-	source-screens.md §1 Built-in commands (in push order)	source-derived	none
command.show-thinking	command	/show-thinking built-in command (aliases /thoughts, /thinking, /thinking-blocks)	aliases: thoughts, thinking, thinking-blocks; always visible; toggles thinking block display (currently …)	-	-	source-screens.md §1 Built-in commands (in push order)	source-derived	none
command.status-indicators	command	/status-indicators built-in command	always visible; toggles terminal title status indicators (currently …)	-	-	source-screens.md §1 Built-in commands (in push order)	source-derived	none
command.shell	command	/shell built-in command (aliases /sh, /run)	aliases: sh, run; always visible; enters Shell Mode (hint: type ! on an empty line)	-	-	source-screens.md §1 Built-in commands (in push order)	source-derived	background-shells
command.about	command	/about built-in command (aliases /whoami, /account)	aliases: whoami, account; always visible; shows CLI version, system, and account info and copies it to the clipboard; lingers 10 s	lingers 10 s	-	source-screens.md §1 Built-in commands (in push order)	source-derived	reference-auth
command.setup-terminal	command	/setup-terminal built-in command	visible only if the terminal lacks Shift+Enter; prints newline-configuration instructions	-	-	source-screens.md §1 Built-in commands (in push order); 9352.index.js:42145	source-derived	none
command.help	command	/help built-in command	always visible; /help [cmd] shows help; prints a "Commands:" header, one "/id <args> - desc" line per command, then the hint line	cyan bold "Commands:"; "Hint: /help <command> for details"	-	source-screens.md §1 Built-in commands (in push order)	source-derived	none
command.feedback	command	/feedback built-in command	always visible; submits feedback to the team	-	-	source-screens.md §1 Built-in commands (in push order)	source-derived	none
command.open	command	/open built-in command (alias /cursor)	aliases: cursor; always visible; opens the repository's git root in Cursor; launches the cursor binary	-	-	source-screens.md §1 Built-in commands (in push order)	source-derived	cursor-editor-binary
command.open-alias	command	/cursor built-in command	listed as its own built-in id; alias for /open; same action (launches the cursor binary on the git root)	-	-	source-screens.md §1 Built-in commands (in push order)	source-derived	cursor-editor-binary
command.copy-request-id	command	/copy-request-id built-in command	always visible; prints and copies the last request ID; lingers 8 s	lingers 8 s	-	source-screens.md §1 Built-in commands (in push order)	source-derived	cursor-api
command.open-in-prompt-quality	command	/open-in-prompt-quality built-in command	visible when D.Cu, which is false in this build, so the command is hidden; opens the last request in the Prompt Quality dashboard	hidden in this build	-	source-screens.md §1 Built-in commands (in push order); index.js:88085	source-derived	cursor-api
command.copy-conversation-id	command	/copy-conversation-id built-in command	always visible; prints the current conversation ID	-	-	source-screens.md §1 Built-in commands (in push order)	source-derived	cursor-api
command.team	command	/team built-in command	visible when the product is not agent-cli-local; switches the active team for this account; inline suggestions or a restart; no pager	-	-	source-screens.md §1 Built-in commands (in push order); 9352.index.js:42723	source-derived	team-account
command.logout	command	/logout built-in command	always visible; signs out from Cursor	-	-	source-screens.md §1 Built-in commands (in push order)	source-derived	reference-auth
command.quit	command	/quit built-in command	always visible; exits the CLI (the table row lists quit and exit together)	-	-	source-screens.md §1 Built-in commands (in push order)	source-derived	none
command.exit	command	/exit built-in command	listed alongside /quit in the same table row; always visible; exits the CLI	-	-	source-screens.md §1 Built-in commands (in push order)	source-derived	none
command.mcp	command	/mcp built-in command	always visible; manage MCP servers (list, list-tools); opens the MCP servers pager	-	-	source-screens.md §1 Built-in commands (in push order)	source-derived	mcp
command.plugin	command	/plugin built-in command	always visible; manage plugins — view installed, browse marketplace, install/uninstall; opens the plugins pager, or the marketplaces pager for "marketplace list"	-	-	source-screens.md §1 Built-in commands (in push order)	source-derived	plugins-marketplace
command.config	command	/config built-in command (aliases /settings, /preferences, /cli-config)	aliases: settings, preferences, cli-config; always visible; opens the config pager for interactive CLI settings	-	-	source-screens.md §1 Built-in commands (in push order)	source-derived	none
command.copy	command	/copy built-in command (aliases /clipboard, /paste)	aliases: clipboard, paste; always visible; opens the copy-message pager to copy a previous message	-	-	source-screens.md §1 Built-in commands (in push order)	source-derived	none
command.sandbox	command	/sandbox built-in command	always visible; description "✓ Sandbox enabled, …" or "✓ Sandbox disabled"; opens the sandbox pager	"✓ Sandbox enabled, …" / "✓ Sandbox disabled"	-	source-screens.md §1 Built-in commands (in push order)	source-derived	sandbox-runtime
command.bedrock	command	/bedrock built-in command	always visible; configure Bedrock in-chat (configure/[use-team-role/]status/disable/clear); the use-team-role option appears only if the account has that role; prints results	-	-	source-screens.md §1 Built-in commands (in push order)	source-derived	bedrock
command.debug-test	command	/debug-test built-in command	visible when isDebugEnabled(); emits a debug log	debug-gated	-	source-screens.md §1 Built-in commands (in push order); 9352.index.js:43906	source-derived	none
command.throw	command	/throw built-in command	visible when isDebugEnabled(); throws a test error	debug-gated	-	source-screens.md §1 Built-in commands (in push order); 9352.index.js:43906	source-derived	none
command.pq	command	/pq built-in command	visible when isDebugEnabled(); opens the last request dashboard	debug-gated	-	source-screens.md §1 Built-in commands (in push order); 9352.index.js:43906	source-derived	cursor-api
command.dev-score-recent-commits	command	/dev:score-recent-commits built-in command	literal command id is dev:score-recent-commits; description "(dev only)"; hidden because D.Cu is false in this build	hidden in this build	-	source-screens.md §1 Built-in commands (in push order)	source-derived	none
command.dev-score-commit	command	/dev:score-commit built-in command	literal command id is dev:score-commit; description "(dev only)"; hidden because D.Cu is false in this build	hidden in this build	-	source-screens.md §1 Built-in commands (in push order)	source-derived	none
command.dev-classify-conversation	command	/dev:classify-conversation built-in command	literal command id is dev:classify-conversation; description "(dev only)"; hidden because D.Cu is false in this build	hidden in this build	-	source-screens.md §1 Built-in commands (in push order)	source-derived	none
command.changes	command	/changes dynamic command	registered by ui.tsx; condition hD, which is true; description "Review changes — Conversation, Unstaged, Staged (when present), and Committed"; opens Review mode	-	-	source-screens.md §1 Dynamic commands registered by ui.tsx; 9352.index.js:52740-53000, 54686, 55121, 59345	source-derived	git
command.commit	command	/commit dynamic command	registered by ui.tsx; always visible; asks the agent to stage and commit changes; submits a prompt; displays "Committing changes..."	"Committing changes..."	-	source-screens.md §1 Dynamic commands registered by ui.tsx; 9352.index.js:52740-53000, 54686, 55121, 59345	source-derived	git
command.jobs	command	/jobs dynamic command	registered by ui.tsx; always visible; opens the active tasks list (background-jobs-pager); palette title is "Tasks"	palette title "Tasks"	-	source-screens.md §1 Dynamic commands registered by ui.tsx; 9352.index.js:52740-53000, 54686, 55121, 59345	source-derived	background-shells
command.rule	command	/rule dynamic command	registered by ui.tsx; always visible; manage Cursor rules; opens the items-pager in rules mode	-	-	source-screens.md §1 Dynamic commands registered by ui.tsx; 9352.index.js:52740-53000, 54686, 55121, 59345	source-derived	lints
command.command	command	/command dynamic command (alias /commands)	aliases: commands; registered by ui.tsx; always visible; manage custom commands; opens the items-pager in commands mode	-	-	source-screens.md §1 Dynamic commands registered by ui.tsx; 9352.index.js:52740-53000, 54686, 55121, 59345	source-derived	none
command.usage	command	/usage dynamic command	registered by ui.tsx; visible when enableUsageCommand, which is true for the remote profile only and false for local agents; prints "Loading usage data..." then opens the usage pager	"Loading usage data..."	-	source-screens.md §1 Dynamic commands registered by ui.tsx; 399.index.js:80-121; 9352.index.js:52740-53000, 54686, 55121, 59345	source-derived	usage-billing;reference-auth
command.skills	command	/skills dynamic command	registered by ui.tsx; always visible; opens the skills menu (items-pager in skills mode)	-	-	source-screens.md §1 Dynamic commands registered by ui.tsx; 9352.index.js:52740-53000, 54686, 55121, 59345	source-derived	none
command.btw	command	/btw dynamic command	registered by ui.tsx; always visible; ask on the side without disrupting the main chat; replies are not saved to history; UNRESOLVED: the /btw panel internals were not traced (report Gaps)	-	-	source-screens.md §1 Dynamic commands registered by ui.tsx; 9352.index.js:52740-53000, 54686, 55121, 59345; §Gaps	source-derived	none
command.static-indicator	command	/static-indicator dynamic command	registered by ui.tsx; debug only; toggles static divider and highlighting	debug-gated	-	source-screens.md §1 Dynamic commands registered by ui.tsx; 9352.index.js:52740-53000, 54686, 55121, 59345	source-derived	none
command.full-conversation	command	/full-conversation dynamic command	registered by ui.tsx; always visible; toggles full conversation rendering after redraw truncation	-	-	source-screens.md §1 Dynamic commands registered by ui.tsx; 9352.index.js:52740-53000, 54686, 55121, 59345	source-derived	none
command.sync-theme	command	/sync-theme dynamic command	registered by ui.tsx; always visible; re-detects the terminal theme and refreshes the UI; prints "Theme synced." in green	green "Theme synced."	-	source-screens.md §1 Dynamic commands registered by ui.tsx; 9352.index.js:52740-53000, 54686, 55121, 59345	source-derived	none
command.context	command	/context dynamic command	registered by ui.tsx; always visible; shows the context usage breakdown; opens the context pager	-	-	source-screens.md §1 Dynamic commands registered by ui.tsx; 9352.index.js:52740-53000, 54686, 55121, 59345	source-derived	none
command.per-model	command	Per-model slash commands	hidden if config modelSlashCommands === false; one command per model; id is the slug of the display name; collisions become model-<slug>[-N]; running one prints "Model: <name>"	description "<name> · <params> (Tab to modify)"	-	source-screens.md §1 Per-model commands; 9352.index.js:44528-44780	source-derived	none
command.subagent	command	Subagent slash commands	one subagent-<name> command per subagent; description is the subagent desc or "Run <name> subagent"; running it inserts a Task-tool prompt	-	-	source-screens.md §1 Slash command registry (subagents); 9352.index.js:40699	source-derived	subagents
command.custom-loading	command	Custom command loading	load order: team commands, then global commands; <root>/.claude/commands/*.md then <root>/.cursor/commands/*.md; ~/.claude/commands then ~/.cursor/commands; plugin skills; skill roots (SKILL.md)	-	-	source-screens.md §1 Slash command registry (Custom commands); 3732.index.js:273-323	source-derived	plugins-marketplace
command.custom-format	command	Custom command format	id is the filename without .md; title is the first line with # removed; description "<title> (project|user|team|global)" for commands or "<desc> (project skill|user skill|builtin skill|skill)" for skills; all custom commands run inline and submit /<id> args; skills are skipped if user-invocable: false, or if metadata.surfaces is set and doesn't include cli	-	-	source-screens.md §1 Slash command registry (Custom command format); 3732.index.js:569-626, 692-719	source-derived	none
command.palette-labels	command	Slash-command palette labels	label is "/id <req> [opt]"; argument suggestions show as "/parent arg"; the empty palette shows dim "No matches"; skill rows get a dim footer	fixed 24-column label; dim "No matches"; dim skill footer "enter to attach · option+enter to use as mode"	-	source-screens.md §1 Slash command registry (Palette rows); 9352.index.js:26064	source-derived	none
pager.placement	pager	Pager placement in the main screen	bottomPager pagers (items, usage, MCP, plugins, marketplaces, config, sandbox) replace the whole live region leaving only Static history above; tasks, context, copy, rewind replace only the prompt bar so the live turn stays visible; the model picker renders below the chat with the chat's footer, arrow keys and submit suppressed; the team picker is a standalone render() not placed in the main tree	-	-	source-screens.md §2 Pagers and screens (placement); 9352.index.js:58376-58480, 53456-53530; 5790.index.js:44-58	source-derived	none
pager.config-header	pager	Config pager header	bold purple "CLI Config" title, then a green "✓…" or yellow status line, then the config path in dim; UNRESOLVED: the config path subtitle comes from i.qA() of cursor-config/dist/paths.js, presumably the config file path, not confirmed	bold purple #A78BFA (aQ) "CLI Config"; green "✓…" or yellow status; dim config path	-	source-screens.md §2 Pagers (config); 9352.index.js:5143-6025, fields 4803-5016; §Gaps	source-derived	none
pager.config-list	pager	Config pager list view	group labels in dim cyan: General, Editor, Permissions, Attribution; row is "→ label" with the value on the right: enabled in green, disabled, (unset) in dim, an enum label, or unsupported in yellow	dim cyan group labels; row "→ label" + right-aligned value; green "enabled"; dim "(unset)"; yellow "unsupported"; footer "↑/↓ to navigate • Enter to edit • X to unset optional fields • Esc to close" plus "a-b of N" when paged	↑/↓ to navigate • Enter to edit • X to unset optional fields • Esc to close; a-b of N paging	source-screens.md §2 Pagers (config); 9352.index.js:5143-6025, fields 4803-5016	source-derived	none
pager.config-enum	pager	Config pager enum sub-view	enum options sub-view; ● marks the current option with ✓	● current option, ✓; footer "↑/↓ to navigate • Enter to save • Esc to go back"	↑/↓ to navigate • Enter to save • Esc to go back	source-screens.md §2 Pagers (config); 9352.index.js:5143-6025	source-derived	none
pager.config-editor	pager	Config pager text/JSON editor sub-view	text/JSON editor sub-view	footer "Enter to save • Ctrl+J for newline • Esc to cancel"	Enter to save • Ctrl+J for newline • Esc to cancel	source-screens.md §2 Pagers (config); 9352.index.js:5143-6025	source-derived	none
pager.config-model-picker	pager	Config pager Explore Subagent Model sub-view	"Explore Subagent Model" sub-view embeds the model picker	-	-	source-screens.md §2 Pagers (config); 9352.index.js:5143-6025	source-derived	none
pager.config-about	pager	Config pager About Cursor CLI sub-view	"About Cursor CLI" sub-view rows: Version, Channel, Auth, User email, Plan, Organization, Current directory; label column 20 wide	label column 20 wide	-	source-screens.md §2 Pagers (config); 9352.index.js:5143-6025	source-derived	reference-auth
pager.context-header	pager	Context pager header	bold "Context" in accent color, then " • model"; on the right "tokens / window  NN%" with the percent in green; below, dim "Current context usage by category."	accent light #7A5A00 / dark #F4E7A1; percent green #167A47 (light) / #58D68D (dark); dim caption "Current context usage by category."	Esc to close	source-screens.md §2 Pagers (context); 9352.index.js:6026-6349	source-derived	none
pager.context-bar	pager	Context pager segmented bar	a segmented bar of background-colored spaces with a scale row at 0/25/50/75/100 %	background-colored space segments; scale row 0/25/50/75/100 %	-	source-screens.md §2 Pagers (context); 9352.index.js:6026-6349	source-derived	none
pager.context-rows	pager	Context pager category rows	category rows: swatch, " label", tokens, " • x.x%"; two columns when the width is at least 88; a dim "Free space" row appears	two-column layout at width ≥ 88; dim "Free space" row	-	source-screens.md §2 Pagers (context); 9352.index.js:6026-6349	source-derived	none
pager.context-empty	pager	Context pager empty state	dim "No context usage breakdown to show yet."	dim "No context usage breakdown to show yet."; footer "Esc to close"	Esc to close	source-screens.md §2 Pagers (context); 9352.index.js:6026-6349	source-derived	none
pager.copy-message	pager	Copy-message pager	title "Copy a message" with description "(N messages)" in color r3; 5 rows visible; row is "You  "/"Agent" (dim) plus the first line of the message (≤60 chars), plus dim " ›" when the message has parts; ↑/↓ indicators; "(empty)" for an empty message	color r3; 5 visible rows; message preview ≤60 chars; dim " ›" parts marker; footer "↑/↓ to navigate • Enter to copy • Esc to close"	↑/↓ to navigate • Enter to copy • Esc to close; Esc/q close; j/k work	source-screens.md §2 Pagers (copy-message); 9352.index.js:6350-6526	source-derived	none
pager.copy-part	pager	Copy-part pager	title "Copy from message" with the message summary as description; 5 rows; row is the part label plus a dim preview; "(empty)" for empty	5 rows; dim previews; footer "↑/↓ to navigate • Enter to copy • Esc to go back"	↑/↓ to navigate • Enter to copy • Esc to go back	source-screens.md §2 Pagers (copy-part); 9352.index.js:6527-6652	source-derived	none
pager.model-picker	pager	Model picker	no pager shell; a box with paddingX:1; dim "Available models" or "Models matching \"x\"" (with " (no matches)"); on the right "Max mode: ON/OFF"; "Filter: <text>" line; rows are "→ " plus the name (min width 24; green if current, cyan if selected), a parameter summary, and "(Tab to modify)"; empty state "Loading..."	box paddingX 1; name min width 24; green current model; cyan selected row; dim headers; footer "Type to filter • Enter to select • Tab to edit" or "Edit prompt to filter • Enter to select • Tab to edit"	Type to filter / Edit prompt to filter • Enter to select • Tab to edit	source-screens.md §2 Pagers (model-picker); 9352.index.js:17293-17896	source-derived	none
pager.model-picker-params	pager	Model picker parameter editor	parameter editor titled "<model> — Edit Parameters": section headers, enum options, boolean toggles	footer "↑/↓ to navigate • Enter to select • Esc to go back"	↑/↓ to navigate • Enter to select • Esc to go back	source-screens.md §2 Pagers (model-picker); 9352.index.js:17293-17896	source-derived	none
pager.mcp-servers-list	pager	MCP servers pager list view	title "MCP Servers (N servers)"; "Filter:" line; section headers User / Project / Team; row is "→ name" plus dim " (plugin)" plus " - " status: enabled green, needs approval / requires auth / loading yellow, error red; the selected row adds dim "(Enter to view details)"; UNRESOLVED: the Q() status mapping values were not read (report Gaps)	green "enabled"; yellow "needs approval" / "requires auth" / "loading"; red "error"; dim " (plugin)"; footer "Type to filter • ↑/↓ to navigate • Enter to select • Esc to clear/Esc to close"	Type to filter • ↑/↓ to navigate • Enter to select • Esc to clear/Esc to close	source-screens.md §2 Pagers (mcp-servers); 9352.index.js:14839-16497; §Gaps	source-derived	mcp
pager.mcp-servers-error	pager	MCP servers pager error row	the selected error row adds the message in red and a dim italic "Press Enter for full message log"	red error message; dim italic "Press Enter for full message log"	-	source-screens.md §2 Pagers (mcp-servers); 9352.index.js:14839-16497	source-derived	mcp
pager.mcp-servers-detail	pager	MCP servers pager detail view	detail view: name, "Status:", URL/Command, "N tools • N resources • N prompts"; tool detail shows "Input schema"	"N tools • N resources • N prompts" summary; "Input schema" section	-	source-screens.md §2 Pagers (mcp-servers); 9352.index.js:14839-16497	source-derived	mcp
pager.mcp-servers-tabs	pager	MCP servers pager tabs and actions	tabs "View Tools" / "Manage Server" / "Configure Scope", active tab inverse bold, with dim " (←/→ or tab to cycle)"; actions Login, Logout, Enable, Disable	inverse bold active tab; dim " (←/→ or tab to cycle)"; detail footer "↑/↓ to navigate • Enter to act • Tab to switch sections • Esc to go back"; tool footer "↑/↓ to scroll • Esc to go back"	↑/↓ to navigate • Enter to act • Tab to switch sections • Esc to go back; ↑/↓ to scroll • Esc to go back	source-screens.md §2 Pagers (mcp-servers); 9352.index.js:14839-16497	source-derived	mcp
pager.mcp-servers-empty	pager	MCP servers pager empty and loading states	yellow "No MCP servers configured" plus a hint to use .cursor/mcp.json or ~/.cursor/mcp.json; filtered: "No MCP servers matching \"x\""; loading: "Loading MCP servers..."	yellow "No MCP servers configured"	-	source-screens.md §2 Pagers (mcp-servers); 9352.index.js:14839-16497	source-derived	mcp
pager.plugins-installed	pager	Plugins pager Installed tab	title "Plugins" with tabs " Installed " / " Marketplace " (inverse) and " (←/→ or tab to cycle)", or just "Plugins Installed" when there is no marketplace; search box single-line border (cyan when focused), "⌕" + "Search..." or "Search or Paste Link..."; Installed tab sections Team / User / Project; row is "→ name (scope)"	inverse active tab; single-line search border, cyan when focused; "⌕" glyph; footer "Type to search • Enter for details • Esc to close/Esc to clear"	Type to search • Enter for details • Esc to close/Esc to clear; ←/→ or tab to cycle tabs	source-screens.md §2 Pagers (plugins); 9352.index.js:18846-21593	source-derived	plugins-marketplace
pager.plugins-marketplace	pager	Plugins pager Marketplace tab	marketplace row "→ name [tags] (marketplace) [installed]" (green) with a dim description below; pasted links render "[N skills, N agents, …]" or "[error]"	green installed marker; dim description; footer "Enter for details • Esc to go back"	Enter for details • Esc to go back	source-screens.md §2 Pagers (plugins); 9352.index.js:18846-21593	source-derived	plugins-marketplace
pager.plugins-detail	pager	Plugins pager detail view	detail titles "Plugin details / <name>" with sections Marketplace, Skills, Agents, MCP Servers, Commands, "Install for you (user scope)"; UNRESOLVED: the full plugin-detail action list values were not read (report Gaps)	footer "Enter to select • Esc to go back"	Enter to select • Esc to go back	source-screens.md §2 Pagers (plugins); 9352.index.js:18846-21593; §Gaps	source-derived	plugins-marketplace
pager.plugins-empty	pager	Plugins pager empty and loading states	"No plugins installed" + "Press → to browse the marketplace"; "No matching plugins"; "No plugins available"; "Loading plugins..."; "Parsing repository..."	-	-	source-screens.md §2 Pagers (plugins); 9352.index.js:18846-21593	source-derived	plugins-marketplace
pager.marketplaces-list	pager	Marketplaces pager list view	title "Marketplaces"; section headers in cyan: Global, Team, User; row "name • N plugins • N installed • <indexed>"	cyan section headers Global/Team/User; row "name • N plugins • N installed • <indexed>"; footer "Enter for details • Esc to close"	Enter for details • Esc to close	source-screens.md §2 Pagers (marketplaces); 9352.index.js:14241-14838, 14296	source-derived	plugins-marketplace
pager.marketplaces-detail	pager	Marketplaces pager detail view	"Marketplace details / X": Scope, Plugins, Installed, Indexing, Source; actions "Browse plugins" and "Remove marketplace" (User only)	footer "Enter to select • Esc to go back"	Enter to select • Esc to go back	source-screens.md §2 Pagers (marketplaces); 9352.index.js:14241-14838	source-derived	plugins-marketplace
pager.marketplaces-remove	pager	Marketplaces pager remove confirmation and empty state	remove confirmation turns the shell red; empty state yellow "No marketplaces available"	red shell during confirmation; footer "Enter to confirm • Esc to cancel"; yellow "No marketplaces available"	Enter to confirm • Esc to cancel	source-screens.md §2 Pagers (marketplaces); 9352.index.js:14241-14838	source-derived	plugins-marketplace
pager.tasks	pager	Background jobs Tasks pager	title "Tasks (N tasks)"; "Shells" / "Subagents" headers only when both kinds exist; row "→ title"; the selected running job shows elapsed time "  1h 2m 3s"; polls every 500 ms; height is rows − 10; empty dim "No active tasks"	elapsed "  1h 2m 3s" on selected running job; polls 500 ms; height rows − 10; dim "No active tasks"; footer "↑/↓ to navigate" (only if >1 task) "• Enter to view • k to kill" (background jobs only) "• Esc to close"	↑/↓ to navigate • Enter to view • k to kill • Esc to close; k kill, K/j/g/G, Ctrl-F/B, PgUp/PgDn, q, Ctrl-C/D	source-screens.md §2 Pagers (background-jobs Tasks); 9352.index.js:4270-4605	source-derived	background-shells
pager.job-log	pager	Background job log view	static lines with paddingX 2; polls every 1 s; keeps the last 200k chars; dim "Shell · <title>  ·  esc to go back"; empty "No output yet"	paddingX 2; 200k char retention; dim "Shell · <title>  ·  esc to go back"; "No output yet"	q, Esc, Ctrl-C, Ctrl-D	source-screens.md §2 Pagers (job log view); 9352.index.js:4097-4190, 4222	source-derived	background-shells
pager.job-log-subagent	pager	Subagent job log view	subagent jobs use a separate view titled "Subagent · <title> · esc to go back"	title "Subagent · <title> · esc to go back"	Esc to go back	source-screens.md §2 Pagers (job log view); 9352.index.js:29503	source-derived	subagents;background-shells
pager.rewind-list	pager	Rewind pager list view	title "Rewind" in color r3 with description "Pick a past turn to rewind to. Your files and conversation revert…"; 5 rows; row is "→ prompt" (truncated at the end), files in gray, and "+N -N" right-aligned in 19 columns, or "no changes" / "no line changes" / "conversation only"; the current entry is "(current)" with "HEAD"; below 88 columns the metadata wraps to a second line	color r3; 5 rows; prompt truncated at the end; gray files; "+N -N" right-aligned in 19 columns; 88-column wrap threshold; footer "↑/↓ to navigate • Enter for details • Shift+Enter to restore • Esc to close"	↑/↓ to navigate • Enter for details • Shift+Enter to restore • Esc to close	source-screens.md §2 Pagers (rewind); 9352.index.js:27088-27707	source-derived	git
pager.rewind-detail	pager	Rewind pager detail view	detail view: the message, then "1. Restore files and conversation", "2. Restore conversation", "3. Cancel", then "Files (N):" (5 rows, name truncated in the middle; Enter opens it in cursor); empty "no file changes"	5 file rows with middle truncation; Enter opens the file in cursor; footer "↑/↓ to navigate • Enter to select • Esc to go back"	↑/↓ to navigate • Enter to select • Esc to go back	source-screens.md §2 Pagers (rewind); 9352.index.js:27088-27707	source-derived	git;cursor-editor-binary
pager.sandbox	pager	Sandbox pager (Command Execution Settings)	title "Command Execution Settings" plus a transient "✓ Configuration updated" or yellow status; warnings "⚠ … Sandbox options are unavailable." and "⚠ Network access is disabled/controlled by your admin."; option rows (●/○ with ✓ current): "Run in Sandbox, sandbox.json allowlist only", "…, sandbox.json + default allowlist", "…, allow all network", "No Sandbox, use regular permissions"; with admin controls the list is just "Run in Sandbox" and "No Sandbox…"; two dim explanation lines	●/○ options with ✓ current; transient "✓ Configuration updated"; ⚠ warnings; two dim explanation lines; footer "↑/↓ to navigate • Enter to select • Esc to close" (j/k, q)	↑/↓ to navigate • Enter to select • Esc to close; j/k, q	source-screens.md §2 Pagers (sandbox); 9352.index.js:28021-28410	source-derived	sandbox-runtime
pager.usage-header	pager	Usage pager header	bold "Usage" in accent color " • plan", reset label on the right; dim "Monthly plan and on-demand usage" or "Personal spend for the current billing period"	accent-color bold "Usage"; dim subtitle variants; footer "Esc to close"	Esc to close	source-screens.md §2 Pagers (usage); 9352.index.js:31524-31996	source-derived	usage-billing
pager.usage-rows	pager	Usage pager plan rows	columns Category / Current / Usage; rows "Included" (cyan bar), "  Auto" (blue), "  API" (magenta), "On-Demand" (yellow); bars use █/░; missing data shows "—"; a detail line underneath	cyan Included bar; blue Auto; magenta API; yellow On-Demand; █/░ bar glyphs; "—" for missing data	-	source-screens.md §2 Pagers (usage); 9352.index.js:31524-31996	source-derived	usage-billing
pager.usage-spend	pager	Usage pager spend variant	spend variant shows "Current cycle" and "Previous period" sparklines; compact layout below 36 columns; ends with "View in dashboard: <link>"	sparklines ▁…█ up to ≤48 columns; compact layout below 36 columns; blue underlined "View in dashboard: <link>" via OSC 8	Esc to close	source-screens.md §2 Pagers (usage); 9352.index.js:31524-31996	source-derived	usage-billing
pager.items-list	pager	Items pager list view (rules / commands / skills)	titles "Rules"/"Commands"/"Skills (N rule/command/skill[s])"; first row "+ Create new <kind>" (green when selected); other rows "name (scope)" with scope project, user, or plugin; 10 rows; empty "Loading..."; UNRESOLVED: the full items-pager rule types (g.TP, g.Zs) were not read (report Gaps)	10 list rows; green "+ Create new <kind>" when selected; footer "↑/↓ to navigate • Enter to select • d to delete • Esc to close"; skills footer "↑/↓ to navigate • Enter to use • v to view • d to delete • Esc to close"	↑/↓ to navigate • Enter to select • d to delete • Esc to close; skills: ↑/↓ to navigate • Enter to use • v to view • d to delete • Esc to close	source-screens.md §2 Pagers (items rules/commands/skills); 9352.index.js:11290-12601; §Gaps	source-derived	lints
pager.items-view	pager	Items pager view mode	view "name (scope • read-only)" with a bordered numbered listing "  1 │ …"	bordered numbered listing "  1 │ …"; footer "↑/↓ to scroll • Enter to edit • d to delete • Esc to go back"	↑/↓ to scroll • Enter to edit • d to delete • Esc to go back	source-screens.md §2 Pagers (items rules/commands/skills); 9352.index.js:11290-12601	source-derived	lints
pager.items-edit	pager	Items pager edit mode	green "Editing: name" header	green "Editing: name"; footer "Ctrl+S to save • Esc to cancel"	Ctrl+S to save • Esc to cancel	source-screens.md §2 Pagers (items rules/commands/skills); 9352.index.js:11290-12601	source-derived	lints
pager.items-delete	pager	Items pager delete confirmation	red "Delete <kind>?" with "y to confirm • n or Esc to cancel"	red "Delete <kind>?"; "y to confirm • n or Esc to cancel"	y to confirm • n or Esc to cancel	source-screens.md §2 Pagers (items rules/commands/skills); 9352.index.js:11290-12601	source-derived	lints
pager.items-create	pager	Items pager create flow	create flow steps: description → rule type ("When should this rule be applied?") → glob → command name "/" → skill name → scope ("Is this … just for you or for the project?")	-	-	source-screens.md §2 Pagers (items rules/commands/skills); 9352.index.js:11290-12601	source-derived	lints
pager.unified-list-header	pager	Unified-list pager header (resume / ls)	writes raw ANSI, no Ink; real alt screen: on entry ESC[?1049h ESC[?7l ESC[?1h ESC=, reversed on exit; row 1 is a dim "─" rule; row 2 is "    All chats • This workspace" (active scope bold in r3/Ik) with dim "Last updated" right-aligned in 22 columns; row 3 is a rule; capture-confirmed: rows 1 and 3 are dim rules in the empty ls captures	raw ANSI, no Ink; entry ESC[?1049h ESC[?7l ESC[?1h ESC=; dim ─ rules rows 1 and 3; active scope bold r3/Ik; dim "Last updated" right-aligned in 22 columns	-	source-screens.md §2 Pagers (unified-list); 9352.index.js:30763-31448; §2 Capture reconciliation	observed	persistent-sessions
pager.unified-list-rows	pager	Unified-list pager session rows	row: 4-space indent ("  → " when selected), name, gray cwd basename (All scope, other workspaces only), and the updated time: "Today HH:MM", "Yesterday …", "N days ago", or a date; height is rows − 6	4-space indent; "  → " selected marker; gray cwd basename; height rows − 6	-	source-screens.md §2 Pagers (unified-list); 9352.index.js:30763-31448	source-derived	persistent-sessions
pager.unified-list-empty	pager	Unified-list pager empty and loading states	"No sessions found." / "Press Ctrl-D, q or ESC to go back" centered; workspace scope: "No sessions in this workspace." / "Press ← to see all chats, or Ctrl-D / q / ESC to go back"; loading: "Loading sessions..."; capture-confirmed: centered empty text matches the 110×36 and 60×20 captures	centered empty text	-	source-screens.md §2 Pagers (unified-list); 9352.index.js:30763-31448; §2 Capture reconciliation	observed	persistent-sessions
pager.unified-list-footer	pager	Unified-list pager footer and delete confirmation	row rows−1 is a rule; last row is centered "i/N[+] • loading other workspaces • ↑/↓ to navigate • ←/→ to switch scope • Enter to select • Backspace to delete • Esc to close", or just "Esc to close" when empty; numeric count prefixes (e.g. "5j"); delete opens a yellow boxed "Delete session?" confirmation ("Delete • y" / "Cancel • esc/n"); capture-confirmed: rules on the last two rows and the centered footer match the captures	centered footer "i/N[+] • loading other workspaces • ↑/↓ to navigate • ←/→ to switch scope • Enter to select • Backspace to delete • Esc to close"; yellow boxed "Delete session?" confirmation	i/N[+] • loading other workspaces • ↑/↓ to navigate • ←/→ to switch scope • Enter to select • Backspace to delete • Esc to close; numeric count prefixes; Delete • y / Cancel • esc/n	source-screens.md §2 Pagers (unified-list); 9352.index.js:30763-31448; §2 Capture reconciliation	observed	persistent-sessions
pager.team-picker	pager	Team picker	standalone render() (placement not in the main tree); title "Switch team (N teams)" in cyan; option rows: ● for the active team with ✓ "name" and dim "(id N)"; selection wraps around; j/k work	cyan "Switch team (N teams)"; ● active team ✓; dim "(id N)"; wraps around; footer "↑/↓ to navigate • Enter to select • Esc to cancel"	↑/↓ to navigate • Enter to select • Esc to cancel; j/k	source-screens.md §2 Pagers (team picker); 5790.index.js:5-71, 542-604	source-derived	team-account
chrome.provider-stack	chrome	Provider stack	outermost first: 1 Config, 2 Notifications, 3 $e.l, 4 TerminalState, 5 SlashCommand, 6 Theme, 7 Sudo, 8 AgentState, 9 SubagentSession, 10 App; UNRESOLVED: $e.l and several providers were not traced (report Gaps)	-	-	source-screens.md §3 App chrome (Provider stack); 9352.index.js:59268-59340; §Gaps	source-derived	none
chrome.keyboard-protocol	chrome	App wrapper terminal escape writes	the app wrapper writes ESC[?25h (show cursor) on unmount; writes ESC[<u on suspend and ESC[>1u on resume (kitty keyboard protocol)	ESC[?25h on unmount; ESC[<u suspend; ESC[>1u resume	-	source-screens.md §3 App chrome (Provider stack); 9352.index.js:59268-59340	source-derived	none
chrome.layout-order	chrome	App top-to-bottom layout order	1 AltScreen wrapper q.I with clearOnMount:false; 2 exactly one of: resume picker, review/changes view ("review" mode), subagent detail or shell job log (chat mode with a job selected), or the chat; 3 the model picker when open; 4 the confirm overlay (Xs.element); with a bottomPager set, the chat renders only Static history plus that pager	-	-	source-screens.md §3 App chrome (Top-to-bottom layout); 9352.index.js:58481-59264, 53244-53530	source-derived	none
chrome.chat-stack	chrome	Chat column stack	chat stacks: (1) keyed Static history whose first item "header" renders AppHeader, plus the truncated-conversation notice and the dim banner "Screen and conversation cleared but the context was preserved."; (2) optional static divider; (3) live column: pending turn items, reproduction steps, plan file block, "Loading conversation" spinner, a yellow round-bordered allowlist-fallback notice, thinking overflow (5 lines), a yellow round-bordered subagent label, switch-mode and ask-question prompts; (4) bottom slot: tasks, context, copy, or rewind pager, else cloud-transfer status, else the prompt bar with a top-status area (queued messages, "Reconnecting (attempt N, Ns)", or a red "!" reconnect-failed line); UNRESOLVED: he.M bottom-slot and be.c transfer-status internals were not traced (report Gaps)	yellow round-bordered allowlist-fallback notice; thinking overflow 5 lines; yellow round-bordered subagent label; dim clear-banner text; red "!" reconnect-failed line	-	source-screens.md §3 App chrome (Top-to-bottom layout); 9352.index.js:58481-59264, 53244-53530; §Gaps	source-derived	none
chrome.altscreen	chrome	AltScreen wrapper behavior	the component is not the terminal alternate screen; it writes ESC[H ESC[2J ESC[3J (clear including scrollback) on mount if clearOnMount is set, when the terminal width changes (debounced trailing 200 ms, children hidden for one tick), and when clearScreenTrigger fires (debounced leading and trailing); the real alternate screen (?1049h) is used only by the unified-list pager; the main app runs inline with Static scrollback	ESC[H ESC[2J ESC[3J clear; width-change debounce trailing 200 ms; clearScreenTrigger debounce leading and trailing	-	source-screens.md §3 App chrome (Alt-screen); 9352.index.js:3126-3198	source-derived	none
chrome.app-header	chrome	AppHeader	in debug mode a "DEBUG MODE • <serverUrl>" row (server URL in yellow); unless AGENT_CLI_HIDE_HEADER=true, a box with marginX 1, paddingX 1, borderLeft; title "Cursor Agent", or "Cursor Agent (local-agent)" in local mode, or "Cursor Cloud Agent" in background, plus an optional badge; the version in dim; a dim "Tip: …" hint, or in a persistent session cyan "Persistent session active" with dim "Detach: /detach · Reconnect: agent persist list"	yellow server URL; marginX 1, paddingX 1, borderLeft box; dim version and Tip; cyan "Persistent session active"; dim "Detach: /detach · Reconnect: agent persist list"	-	source-screens.md §3 App chrome (AppHeader); 9352.index.js:3233-3348; 3732.index.js:6214	source-derived	persistent-sessions
chrome.app-header-border	chrome	AppHeader borderLeft rendering	sets borderLeft without a borderStyle, and Ink draws no border without one, so this probably renders as padding only; UNRESOLVED: no capture of an authenticated chat exists to confirm the rendering (report Gaps, unverified)	borderLeft without borderStyle; probably renders as padding only	-	source-screens.md §3 App chrome (AppHeader); index.js:216041; §Gaps	source-derived	none
chrome.theme-sync-blanking	chrome	Theme-sync blanking	while a theme-sync or full redraw is running (Mr), everything except the wrapper is blanked	-	-	source-screens.md §3 App chrome (Top-to-bottom layout); 9352.index.js:58481-59264	source-derived	none
chrome.capture-reconciliation	chrome	Capture reconciliation of unified-list layout	capture-confirmed: the 110×36 and 60×20 empty ls captures match the unified-list layout exactly — rows 1 and 3 rules, centered empty text, rules on the last two rows	110×36 and 60×20 captures; rows 1 and 3 rules; centered empty text; rules on the last two rows	-	source-screens.md §2 Capture reconciliation	observed	persistent-sessions
chrome.capture-theme-color	chrome	Capture reconciliation of dark-theme title color	capture-confirmed: the dark-theme title color escape 38;2;244;231;161 equals r3 (#F4E7A1)	escape 38;2;244;231;161 equals r3 #F4E7A1	-	source-screens.md §2 Capture reconciliation	observed	none
startup.welcome	startup	Welcome / onboarding screen	clears the screen (ESC[2J ESC[H) and renders the welcome state centered in the full terminal; an optional yellow banner shows for 4 s; Ctrl-C or Ctrl-Z exits	ESC[2J ESC[H clear; centered layout; yellow banner 4 s	Ctrl-C exits; Ctrl-Z exits	source-screens.md §4 Startup and standalone screens (Welcome / onboarding); index.js:101504-101840	source-derived	reference-auth
startup.wordmark-gating	startup	Rich wordmark gating	the rich wordmark ("░█▀▀░…") is used only if all hold: the terminal is at least 110×18 and a TTY; color is supported and TERM is not dumb or vt100; not running under tmux, screen, zellij, or SSH; the terminal program is on an allowlist (ghostty, iTerm2, kitty, VS Code, Warp, WezTerm, …)	minimum 110×18 TTY; TERM not dumb/vt100; multiplexer and SSH exclusions; terminal-program allowlist	-	source-screens.md §4 Startup and standalone screens (Welcome / onboarding); index.js:101518	source-derived	none
startup.wordmark-rich	startup	Rich wordmark layout	an animated monochrome ASCII cube (150 ms) beside a static "o8888…" wordmark, then the version, then green "Press any key to log in..."	monochrome ASCII cube animated at 150 ms; static "o8888…" wordmark; green "Press any key to log in..."	Press any key to log in	source-screens.md §4 Startup and standalone screens (Welcome / onboarding); index.js:101504-101840	source-derived	reference-auth
startup.welcome-fallback	startup	Welcome fallback layout	otherwise, or if the terminal is too small: bold "Cursor Agent", dim "v<ver>", green "Press any key to log in..."; capture-confirmed: the tmux capture shows this fallback at column 43, row 17, consistent with the tmux exclusion	bold "Cursor Agent"; dim "v<ver>"; green "Press any key to log in..."; capture position column 43, row 17	Press any key to log in	source-screens.md §4 Startup and standalone screens (Welcome / onboarding); index.js:101504-101840	observed	reference-auth
startup.login-browser	startup	Login progress state: browser	state "browser": bold "Signing in with the browser..." or "Signing in", dim "If your browser didn't open, click this link to log in:", the URL (no wrap), and "Press q to show a QR code…" which switches to "Scan this QR code…"	bold "Signing in with the browser..."; dim link prompt; URL unwrapped; QR prompts	q shows a QR code	source-screens.md §4 Startup and standalone screens (Login progress states); index.js:87583-87850	source-derived	reference-auth
startup.login-waiting	startup	Login progress state: waiting	state "waiting": "Signing in..."	"Signing in..."	-	source-screens.md §4 Startup and standalone screens (Login progress states); index.js:87583-87850	source-derived	reference-auth
startup.login-success	startup	Login progress state: success	state "success": green "✓ Login successful!" plus "Authentication tokens stored securely.", exits after 1.5 s	green "✓ Login successful!"; exit after 1.5 s	-	source-screens.md §4 Startup and standalone screens (Login progress states); index.js:87583-87850	source-derived	reference-auth
startup.login-error	startup	Login progress state: error	state "error": red "✗ Login failed" plus the message, exits after 3 s	red "✗ Login failed"; exit after 3 s	-	source-screens.md §4 Startup and standalone screens (Login progress states); index.js:87583-87850	source-derived	reference-auth
startup.agent-login	startup	agent login subcommand output	prints plain text: "Starting login process...", "Authenticating with Cursor..." / "Waiting for browser authentication...", "✓ Logged in as <email>"; logout and MCP-login use equivalent formatters	plain text "Starting login process..."; "✓ Logged in as <email>"	-	source-screens.md §4 Startup and standalone screens (agent login); 2533.index.js:5-68, 71-275	source-derived	reference-auth;cursor-api
startup.login-offline	startup	Login offline failure output	capture-confirmed: the offline failure is "✗ Failed to reach the Cursor API. If you are behind a corporate proxy…"	"✗ Failed to reach the Cursor API. If you are behind a corporate proxy…"	-	source-screens.md §4 Startup and standalone screens; index.js:195507	observed	cursor-api
startup.approval-dialog	startup	Approval dialog	layout marginX 2, a round border (yellow for warning, blue for info), paddingX 2, paddingY 1; contents "⚠ "/"ℹ " + bold title; description lines with gap 1; content indented 2; options as "▶ [k] label" (selected is green and bold); footer dim "Use arrow keys to navigate, Enter to select, or press the key shown", or blue "⏳ <pending>" while submitting; uses raw stdin; Esc or Ctrl-C picks the last option	marginX 2; round border yellow warning / blue info; paddingX 2, paddingY 1; "⚠ "/"ℹ " glyphs; "▶ [k] label" options, selected green bold; dim footer; blue "⏳ <pending>"; content indent 2	Use arrow keys to navigate, Enter to select, or press the key shown; Esc or Ctrl-C picks the last option	source-screens.md §4 Startup and standalone screens (Approval dialog); index.js:87158-87400	source-derived	sandbox-runtime
startup.workspace-trust	startup	Workspace trust dialog	title "Workspace Trust Required"; body "Cursor Agent can execute code and access files in this directory." / optionally "This will also enable the MCP servers…" / "Do you trust the contents of this directory?"; content is the path in cyan bold; options "[a] Trust this workspace", "[w] Trust this workspace, but don't enable all MCP servers" (only with MCP servers), "[q] Quit"; writes a .workspace-trusted marker; parent directories that are already trusted apply to children	cyan bold path; options [a], [w] (MCP servers only), [q]; .workspace-trusted marker	[a] Trust this workspace; [w] Trust without all MCP servers; [q] Quit	source-screens.md §4 Startup and standalone screens (Workspace trust); index.js:110880-110990	source-derived	mcp
startup.mcp-approval	startup	MCP server approval dialog	title "MCP Server Approval Required"; description "Some MCP servers can execute code… cursor.com/docs/context/mcp" / "The following MCP servers need to be approved:"; content "• name (command: …)" or "(origin)", with an optional yellow "⚠ Warning:"; options "[a] Approve all servers", "[c] Continue without approval" (marks them disabled), "[q] Quit"	content "• name (command: …)" or "(origin)"; yellow "⚠ Warning:"; options [a], [c], [q]	[a] Approve all servers; [c] Continue without approval; [q] Quit	source-screens.md §4 Startup and standalone screens (MCP approval); index.js:101120-101230	source-derived	mcp
startup.resume-standalone	startup	Standalone resume picker	--resume with no argument, and the "agent ls" subcommand, run handleResume as a standalone unified-list picker inside the theme provider; --resume -N and -1 pick recent chats by index; the "agent resume" subcommand resumes the latest; if there are none it exits with "No previous chats found."; /resume inside the app uses the in-app picker	exit message "No previous chats found."	-	source-screens.md §4 Startup and standalone screens (Resume); 9352.index.js:2120-2232, 966-986	source-derived	persistent-sessions
wizard.shell	wizard	Generate-rule wizard shell	paddingX 1, paddingY 1 shell with bold cyan header "📝 Create Cursor Rule"; capture-confirmed: header text and styling	paddingX 1; paddingY 1; bold cyan "📝 Create Cursor Rule"	-	source-screens.md §4 Generate-rule wizard; 3600.index.js:57-285	observed	lints
wizard.step-description	wizard	Wizard step: description	step "description": "What should this rule instruct the AI to do?", a cyan "› " input with placeholder "e.g., Always use TypeScript strict mode", dim italic "Enter to continue • Esc to cancel"; skipped when a description is passed in; capture-confirmed: prompt, input glyph, placeholder, and footer	cyan "› " input; placeholder "e.g., Always use TypeScript strict mode"; dim italic footer "Enter to continue • Esc to cancel"	Enter to continue • Esc to cancel	source-screens.md §4 Generate-rule wizard; 3600.index.js:57-285	observed	lints
wizard.step-scope	wizard	Wizard step: scope	step "scope": "Where should this rule be saved?"; options "❯ Project Rule — Applies to this repository only" (path shown under the selected option) and "User Rule — Applies to all your projects"; footer "↑↓ to select • Enter to confirm • Esc to cancel"; capture-confirmed: scope options and footer	"❯" selected marker; path shown under the selected option; footer "↑↓ to select • Enter to confirm • Esc to cancel"	↑↓ to select • Enter to confirm • Esc to cancel	source-screens.md §4 Generate-rule wizard; 3600.index.js:57-285	observed	lints
wizard.step-name	wizard	Wizard step: name	step "name": "Rule filename (without .mdc extension):", prefilled with a slug of the first 4 words, footer "Enter to create • Esc to cancel"	prefill slug of first 4 words; footer "Enter to create • Esc to cancel"	Enter to create • Esc to cancel	source-screens.md §4 Generate-rule wizard; 3600.index.js:57-285	source-derived	lints
wizard.result	wizard	Wizard result states	green "✓ Rule created!" + path + "Edit the file to customize guidelines and examples."; or yellow "⚠️ Rule already exists: <path>"; or red "✗ Failed to create rule: …"; or dim "Cancelled."	green "✓ Rule created!" + path + "Edit the file to customize guidelines and examples."; yellow "⚠️ Rule already exists: <path>"; red "✗ Failed to create rule: …"; dim "Cancelled."	-	source-screens.md §4 Generate-rule wizard; 3600.index.js:57-285	source-derived	lints
notification.gating	notification	OS notification gating	gated by config "notifications" and deduped over 500 ms	500 ms dedupe window	-	source-screens.md §5 Notifications and toasts (OS/terminal notifications); 9352.index.js:45821-46236	source-derived	none
notification.focus	notification	Focus reporting for notification gating	focus reporting via ESC[?1004h, parsing ESC[I / ESC[O; under tmux it only gates after a focus report has been seen; under other multiplexers there is no focus gating	ESC[?1004h enable; ESC[I focus-in; ESC[O focus-out	-	source-screens.md §5 Notifications and toasts; 9352.index.js:45821-46236	source-derived	none
notification.escapes	notification	Per-terminal notification escape sequences	iTerm2: OSC 9; Ghostty and Warp: OSC 777 "notify;Cursor;msg"; kitty and VS Code: OSC 99 with base64 title and body; Apple Terminal: a bare control character, probably BEL (the formatter makes it invisible); tmux and screen get DCS passthrough wrapping	OSC 9 (iTerm2); OSC 777 notify;Cursor;msg (Ghostty, Warp); OSC 99 base64 title and body (kitty, VS Code); probable BEL (Apple Terminal); DCS passthrough (tmux, screen)	-	source-screens.md §5 Notifications and toasts; 9352.index.js:45821-46236	source-derived	none
notification.messages	notification	Notification message texts	"Cursor is waiting for you" on turn completion when nothing is queued; "Approve command: <cmd …>" (truncated at 123 chars) or "Cursor needs your input" when decisions are pending	"Cursor is waiting for you"; "Approve command: <cmd …>" ≤123 chars; "Cursor needs your input"	-	source-screens.md §5 Notifications and toasts; 9352.index.js:54083, 46154-46181, 54165	source-derived	none
toast.block	toast	Ephemeral toast block lifecycle	every print() call from a command replaces a block rendered with marginTop 1, paddingX 2, just above the prompt; auto-clears after EPHEMERAL_MESSAGE_TIMEOUT_MS, default 3000 ms, unless minLingerMs is set (commands use 5 s to 15 s) or persistUntilInput (cleared on the next keystroke)	marginTop 1; paddingX 2; rendered just above the prompt; default timeout 3000 ms; command lingers 5-15 s	cleared on the next keystroke when persistUntilInput	source-screens.md §5 Notifications and toasts (In-TUI toasts); 9352.index.js:37819-37925, view 25731-25850	source-derived	none
toast.auto-color	toast	Ephemeral toast auto-coloring	plain-string lines are auto-colored: "error:" in red; "unknown command:" in yellow; "commands:"/"usage:"/"examples:" in cyan bold; "/cmd - desc" with the command in cyan	red "error:"; yellow "unknown command:"; cyan bold "commands:" / "usage:" / "examples:"; cyan "/cmd"	-	source-screens.md §5 Notifications and toasts (In-TUI toasts); 9352.index.js:37819-37925, view 25731-25850	source-derived	none
toast.segments	toast	Ephemeral toast segment arrays	segment arrays carry their own color, bold, and dim	per-segment color, bold, dim attributes	-	source-screens.md §5 Notifications and toasts (In-TUI toasts); 9352.index.js:37819-37925, view 25731-25850	source-derived	none
tool-ui.constants	tool-ui	Shared UI constants	-	SK 2 (detail-row marginLeft) ; WE 2 (collapsed shell input lines) ; Ok 2 (collapsed shell-tool output lines) ; a6 6 (collapsed shell-turn output lines) ; WT 6 (collapsed thinking lines) ; U5 256 (expanded max lines) ; qg 1 MiB (shell output byte cap) ; CN 2000 (characters per line) ; UM 64000 (total characters) ; rY 50 (path truncation width) ; DN 50 (cwd truncation width) ; dd 5000 ms (background nudge delay) ; V2 100 ms (tool-verb status delay) ; p9 150 (max user-message lines)	-	source-conversation.md §0 Constants; 9352.index.js:88255-88321 (constants.ts at index.js:88000-88370)	source-derived	none
tool-ui.verb-table	tool-ui	Tool verb table F_(case, done)	progressive verb while pending, past verb when done	maps a tool case plus done flag to a verb pair, e.g. Reading/Read, Grepping/Grepped, Searching/Searched, Globbing/Globbed, Listing/Listed, Deleting/Deleted, Editing/Edited, Running/Ran, Waiting/Waited, Calling/Called, Exploring/Explored, Updating/Updated, Planning/Planned, "Writing to stdin"/"Wrote to stdin", "Running subagent"/"Ran subagent", "Creating goal"/"Created goal", "Updating goal"/"Updated goal"	-	source-conversation.md §0 Verb table; 9352.index.js:88322-88364	source-derived	none
tool-ui.tool-call-header	tool-ui	ToolCallHeader	success: gutter white + dim ; error and cancelled: gutter dim ; pending and rejected: gutter yellow ; name dimmed when status is cancelled or dimName is set ; UNRESOLVED: is the gutter status colour truly invisible (report verified only from source, not runtime)?	row layout [1-column gutter] gap1 [name, bold] gap1 [primary, dim] gap1 [note, dim] ; gutter child is a plain ASCII space, so the status colour has no visible foreground ; notePlacement "adjacent": primary flexGrow 0, otherwise primary grows to 1 ; primaryWrap defaults to wrap, callers also pass truncate or truncate-start	-	source-conversation.md §0 ToolCallHeader, Gaps; 9352.index.js:30565-30659, 30575-30586, 30604-30610	source-derived	none
tool-ui.tool-row-box	tool-ui	ToolRowBox	single-style dim border used by tool detail rows	single dim border ; gap 1 ; width screen.width - 2, or 100% when fullWidth	-	source-conversation.md §0 ToolRowBox; 9352.index.js:30661-30707	source-derived	none
tool-ui.path-helpers	tool-ui	Path helpers (Kr, WP, me)	-	Kr(path, 50): makes the path cwd-relative then left-truncates as "...tail" ; WP: gives the basename ; me(offset, limit): gives "line N" or "lines N-M" ; tool-output paths display as "tool output"	-	source-conversation.md §0 Path helpers; 9352.index.js:63074-63214	source-derived	none
tool-ui.skill-reads	tool-ui	Skill read relabeling (skill-path-utils.BN)	pending: "Using <name>" ; done: "Used <name>"	turns reads of SKILL.md under .cursor/skills/, .claude/skills/ and similar paths into skill-name verb labels	-	source-conversation.md §0 Skill reads; 9352.index.js:63781-63821	source-derived	none
tool-ui.abort-labels	tool-ui	Abort labels	short form: "Cancelled", "Interrupted by follow-up", "Interrupted" ; long form: "Cancelled by user", "Interrupted by follow-up message", "Interrupted"	two verbosity variants applied to aborted tool calls	-	source-conversation.md §0 Abort labels; 9352.index.js:59840-59856	source-derived	none
tool-ui.compact-expand	tool-ui	Compact / expand toggle (isCompact)	isCompact defaults to true ; "expanded" means !isCompact	toggle switches collapsed detail limits (e.g. shell 2 input + 2 output lines) against expanded limits (U5 256 lines)	ctrl+o	source-conversation.md §0 Compact / expand; 9352.index.js:~32915, 24003-24010 (action "toggle_compact")	source-derived	none
tool-ui.tool-call-dispatch	tool-ui	tool-call.tsx case switch	every case in the switch resolves to an imported renderer module ; communicateUpdateToolCall renders null (hidden), and groups made only of it are skipped by Cn and export Z ; default case: red "Unknown tool type: <JSON.stringify(case)>" in a Box ; UNRESOLVED: which proto oneof cases fall through to the fallback is not enumerated	switch on call.tool.case starts at 9352.index.js:33924 ; shellToolCall expand = !zen && !isCompact && isLastTurn, also passes zen, aborted, reason, shellManager, backgroundNudgeId ; taskToolCall expand = !isCompact && isLastTurn, passes callId and additionalData when type is "task" ; generateImageToolCall showInlineImagePreviews true only from the static path ; createGoalToolCall kind "create", updateGoalToolCall kind "update"	-	source-conversation.md §1 Dispatch table, Gaps; 9352.index.js:33803-34059, 52365-52369	source-derived	none
tool-ui.shell	tool-ui	ShellToolUI	pending: live <dur> ticking every 100 ms, "Waiting for approval..." when a matching pending decision exists, " (background)" ; success: duration ; failure: "exit N (SIG) • dur" ; rejected: "Rejected", with the reason shown yellow paddingX1 ; aborted: abort label + " • dur" ; zen: single-line truncated first command line plus the dim status inline, and no output	custom header, not ToolCallHeader: "$ " (foreground, width 2) + command (foreground, wrap) + dim status suffix + " in <cwd>" (middle-ellipsis truncation to 50) ; collapsed: 2 input lines, 2 output lines, hint "… N input + M output lines hidden · ctrl+o to expand" ; expanded: 256 lines, clip-long-lines off, yellow-dim "Output truncated for display (max 2000 chars/line, 64000 chars total)" and "Output truncated at 1MiB limit (N KB total)", hint "ctrl+o to collapse" ; after a 5 s delay dim "ctrl+b twice to send to background" ; output dimmed, tail-anchored, paddingLeft 2	ctrl+o, ctrl+b	source-conversation.md §3 Tool UIs (Shell); 9352.index.js:28513-29028, 28801, 29014, 28932	source-derived	background-shells
tool-ui.edit	tool-ui	EditToolUI	pending ; success ; error: "File not found", "Permission denied reading", "Permission denied writing", "Edit error" ; rejected: "Edit rejected" ; cancelled: abort label	header "Editing"/"Edited"/"Edit" (cancelled) ; primary basename with truncate-start ; note green "+N" and red "-M" (InlineDelta), adjacent placement ; diff (not in zen): marginTop 1, marginLeft 2, left-only border glyph "▎", border colour #9C9C9E light / #3E3E40 dark, HighlightedCode isDiff max 12 lines, lines over 120 characters cut to 116 + " ..." ; hint "ctrl+r to review", or "/plan to review" for .cursor/plans/*.plan.md	ctrl+r	source-conversation.md §3 Tool UIs (Edit); 9352.index.js:7165-7306, 7187, 7268, 7292, 60799-60815	source-derived	none
tool-ui.delete	tool-ui	DeleteToolUI	success ; rejected ; error for results permissionDenied, fileNotFound, notFile, fileBusy and error	header "Deleting"/"Deleted" ; primary Kr(path) ; dim detail "Completed", "File not found", "Path is not a file", "File is busy", "Delete failed" or the permission message ; yellow "Request rejected"	-	source-conversation.md §3 Tool UIs (Delete); 9352.index.js:6981-7103	source-derived	none
tool-ui.read	tool-ui	ReadToolUI	pending ; success ; error: dim "Error: <msg>"	header "Reading"/"Read" (or "Using"/"Used" for skill reads) ; primary path with no length limit, truncate-start ; note "line N" or "lines N-M"	-	source-conversation.md §3 Tool UIs (Read); 9352.index.js:27012-27086	source-derived	none
tool-ui.grep	tool-ui	GrepToolUI	pending ; success ; error: with no pattern it shows the name "Grep" in the error state	header "Grepping"/"Grepped" ; primary quoted pattern, more than 40 characters becomes "..." + the last 37 ; note "in <path>" ; dim detail "Found N matches " + " (truncated)"	-	source-conversation.md §3 Tool UIs (Grep); 9352.index.js:10499-10628	source-derived	none
tool-ui.glob	tool-ui	GlobToolUI	pending ; success ; error: a missing pattern shows dim "Failed to search - Missing required parameters: globPattern"	header "Globbing"/"Globbed" ; primary quoted glob, same 40-character rule ("..." + last 37) ; note "in <dir>" ; detail "Found N file(s)" + " (truncated)"	-	source-conversation.md §3 Tool UIs (Glob); 9352.index.js:10228-10329	source-derived	none
tool-ui.ls	tool-ui	LsToolUI	success and timeout both show as success ; error ; rejected: reason as note	header "Listing"/"Listed" ; primary path ; note "F files, D directories (ignoring: …)" ; dim detail "Error:"	-	source-conversation.md §3 Tool UIs (Ls); 9352.index.js:12698-12786	source-derived	none
tool-ui.sem-search	tool-ui	SemSearchToolUI	pending ; success ; error	header "Searching"/"Searched" ; primary quoted query with the 40-character rule ("..." + last 37) ; note "in a, b, c (+N more)" (up to 3 directories, about 100 chars) ; detail "Found N results" (counts <search_result)	-	source-conversation.md §3 Tool UIs (SemSearch); 9352.index.js:28411-28511	source-derived	semantic-index
tool-ui.read-lints	tool-ui	ReadLintsToolUI	pending ; success ; error	header "Reading Lints"/"Read Lints" ; primary "project", a path, or "path (+N more)" ; detail "Found N issue(s) in F file(s)"	-	source-conversation.md §3 Tool UIs (ReadLints); 9352.index.js:26801-26887	source-derived	lints
tool-ui.web-fetch	tool-ui	WebFetchToolUI	pending ; success ; error: red "Error: …" ; rejected: rejection reason as primary	header "WebFetch" ; primary URL	-	source-conversation.md §3 Tool UIs (WebFetch); 9352.index.js:32068-32138	source-derived	none
tool-ui.web-search	tool-ui	WebSearchToolUI	pending ; success ; error: red "Error:" ; rejected: rejection reason as primary	header "WebSearch" ; primary search term ; dim detail "Found N reference(s)"	-	source-conversation.md §3 Tool UIs (WebSearch); 9352.index.js:32140-32231	source-derived	web-search
tool-ui.mcp	tool-ui	McpToolUI	pending ; success ; rejected: note "MCP tool rejected" ; error, including permissionDenied mapped to error: red "Error: …"	header name providerIdentifier or "MCP" ; primary tool name or "<Unknown Tool>" ; args JSON is computed but never rendered	-	source-conversation.md §3 Tool UIs (Mcp); 9352.index.js:16539-16612	source-derived	mcp
tool-ui.fetch-mcp-resource	tool-ui	FetchMcpResourceToolUI	pending ; rejected ; error: notFound → red "Error: Resource not found: …"	header "FetchMcpResource" ; primary "(server)" ; note dim "uri → downloadPath" + "Downloaded to …", "N characters" or "N bytes"	-	source-conversation.md §3 Tool UIs (FetchMcpResource); 9352.index.js:7308-7411	source-derived	mcp
tool-ui.list-mcp-resources	tool-ui	ListMcpResourcesToolUI	pending ; success, including the error text "does not support MCP resources" shown as success with dim "No MCP resources available" ; error: red "Error:"	header "ListMcpResources" ; primary "(server)" ; note "Found N resource(s)" or "No resources found"	-	source-conversation.md §3 Tool UIs (ListMcpResources); 9352.index.js:12602-12696	source-derived	mcp
tool-ui.get-mcp-tools	tool-ui	GetMcpToolsToolUI	pending ; success ; error: dim "Error:"	header "Exploring"/"Explored" ; primary "available MCP tools" ; note "pattern X" or "server · tool"	-	source-conversation.md §3 Tool UIs (GetMcpTools); 9352.index.js:10133-10226	source-derived	mcp
tool-ui.generate-image	tool-ui	GenerateImageToolUI	pending ; success ; error: red "Error:"	header "GenerateImage" ; primary description ; dim detail "Saved to <path>" ; inline preview marginTop 1, only on the static path (showInlineImagePreviews) ; "Used N reference image(s)"	-	source-conversation.md §3 Tool UIs (GenerateImage); 9352.index.js:10000-10131, 33981	source-derived	image-generation
tool-ui.inline-image-preview	tool-ui	InlineImagePreview	renders nothing when the cli_show_images gate is off, when i.cL() is truthy, or when the terminal has no image protocol ; UNRESOLVED: what is the Ink export i.cL() (possibly a screen-reader or static-context flag)?	terminal image node, default max 48×16 cells	-	source-conversation.md §3 Tool UIs (InlineImagePreview), Gaps; 9352.index.js:11243-11288	source-derived	statsig
tool-ui.goal	tool-ui	GoalToolUI (create and update)	pending ; success ; error: plain dim text with no margin ; cancelled: "Create goal"/"Update goal"	header "Creating goal"/"Created goal" or "Updating goal"/"Updated goal" ; primary objective, or active/paused/complete/cleared	-	source-conversation.md §3 Tool UIs (Goal); 9352.index.js:10415-10497	source-derived	cloud-agents
tool-ui.ai-attribution	tool-ui	AiAttributionToolUI (CodeLineage)	pending: dim "Collecting Cursor Blame history…" ; error: red ; empty result: "No AI attribution data found."	header "CodeLineage" ; primary "file Lx-y @ hash8" and similar, default "AI attribution" ; note "N commit sections" ; up to 6 sections grouped under bold headings: dim "person · date" plus a TL;DR in OverflowMarkdown (3 lines) ; "… N more sections" ; "Not found: …" ; raw fallback markdown up to 24 lines ; "Output file: path (N lines, X KB)"	-	source-conversation.md §3 Tool UIs (AiAttribution); 9352.index.js:2744-3124	source-derived	ai-attribution
tool-ui.switch-mode	tool-ui	SwitchModeToolUI	pending ; success: "Switched from A to B" or "Mode switch approved" ; error: red "Error:" ; rejected: rejection reason as primary	header "SwitchMode" ; primary "→ <Mode>" ; dim explanation detail	-	source-conversation.md §3 Tool UIs (SwitchMode); 9352.index.js:29738-29854	source-derived	none
tool-ui.ask-question	tool-ui	AskQuestionToolUI	pending, including the async case shown as pending with "Awaiting async responses" ; success ; error ; rejected: "Questions skipped by user"	header "AskQuestion" ; primary "<title or "Clarifying Questions"> (N)" ; questions in a gap 1 column: "1. prompt" + dim " (multi-select)" ; options indented 2: "[x]" green when selected, "[ ]" dim otherwise ; "[x] Other: …" green	-	source-conversation.md §3 Tool UIs (AskQuestion); 9352.index.js:3762-3923	source-derived	none
tool-ui.await	tool-ui	AwaitToolUI	pending ; success for both complete and stillRunning ; cancelled when result is undefined and aborted ; error: red ; rejected: "Wait skipped"	header "Waiting"/"Waited" ; primary remaining time (fC, whole seconds) + "for shell" or "for agent", or "briefly" ; note "regex: /…/" ; ticks every 1 s while blockUntilMs > 0 ; default block for the still-running check 30000 ms	-	source-conversation.md §3 Tool UIs (Await); 9352.index.js:3971-4095	source-derived	background-shells;subagents
tool-ui.write-shell-stdin	tool-ui	WriteShellStdinToolUI	pending ; success ; error: red	header "Writing to stdin"/"Wrote to stdin" ; primary "shell <id>" ; dim detail quoted chars with \n, \t and EOT escaped as "<EOF>", max 50 then "...", or "(empty)"	-	source-conversation.md §3 Tool UIs (WriteShellStdin); 9352.index.js:32233-32316	source-derived	background-shells
tool-ui.todos	tool-ui	TodosUI (updateTodosToolCall and readTodosToolCall)	success: header "To-do" / "Working on N to-do(s) • M done" or "All done" ; pending loading: "To-do" / "Updating to-dos..." or "Reading to-dos (status: …; ids: ...)..." ; aborted: bold "Update to-dos" or "Read to-dos" + dim abort label, paddingLeft 1 ; error: dim text ; empty: dim "No to-dos found"	rows marginLeft 2, gap 1, ordered completed then in progress then pending: "✔" green + dim strikethrough ; "◐" yellow + yellow text ; "○" uncoloured + dim text ; no truncation	-	source-conversation.md §3 Tool UIs (Update/ReadTodos → TodosUI); 9352.index.js:31449-31522, 26889-27010, 30432-30563	source-derived	none
tool-ui.create-plan	tool-ui	CreatePlanToolUI	success not rejected: yellow border, bold yellow "Plan" or "Suggested Plan" + DecisionDropdown ; rejected: dim border, dim "Plan (rejected)" ; failure: "Plan (failed)" ; state rule: when isLastStepOfTurn && isLastTurn → pending when suggesting, accepted when generating, otherwise rejected ; isLastStepOfTurn alone → rejected ; otherwise accepted ; expands when suggesting, or when !isCompact && isLastTurn ; plan item: dynamic pending with isSuggestingPlan true, static accepted (decisionIndex 0) or rejected ; UNRESOLVED: no distinct accepted branch, so an accepted plan in history still shows the yellow box and the dropdown (as read from source)	ToolRowBox ; Markdown ; "Saved to <uri>" ; dim bottom-border rule ; yellow "Ready to build?" + DecisionDropdown "1. Yes, build locally (b)" / "2. Yes, build in cloud (c)" when in a repository / "N. No, propose changes (p or Esc)" ; collapsed not suggesting: 12 lines or 800 chars, then "…(plan truncated) ctrl+o to expand" ; leading "<!-- … -->" comment stripped	ctrl+o, b, c, p, esc	source-conversation.md §3 Tool UIs (CreatePlan), §1 createPlanToolCall state rule, §2 plan item; 9352.index.js:6653-6857, 34022-34043	source-derived	cloud-agents
tool-ui.plan-file-block	tool-ui	PlanFileBlock	loading: dim ToolRowBox "Loading plan…" ; loaded: paddingX1 CreatePlan in the suggesting pending state ; load failure: renders null and fires onLoadFailed	rendered live below dynamic items	-	source-conversation.md §3 Tool UIs (PlanFileBlock); 9352.index.js:18597-18695, 53358-53368	source-derived	none
tool-ui.task	tool-ui	TaskToolUI	pending ; success ; error including aborted ("Subagent execution cancelled by user", etc.) ; an unhandled result case throws	header "Task" ; primary description or "Subagent task" ; note "type • background • duration" ; detail block marginLeft 2, marginTop 1, blocks separated by marginBottom 1 ; pending: current tool (dim verb + details: basename, pattern ≤20/30, command ≤40 or description ≤30), thinking when showThinkingBlocks is on (4 lines collapsed / 256 expanded), when expanded "Chat so far" + transcript (256 lines), otherwise streaming text at 4 lines, or "Working…", or "Waiting for subagent to finish…" ; success: dim "Last output" + text (8 lines or 600 chars when collapsed, full when expanded) ; error: red "Error: …" ; expand = !isCompact && isLastTurn	ctrl+o	source-conversation.md §3 Tool UIs (Task); 9352.index.js:29931-30274	source-derived	subagents
tool-ui.task-group	tool-ui	TaskGroupToolCalls	expanded and last turn: one full TaskToolUI per call (paddingX 2) ; otherwise RunningAgentsUI	-	-	source-conversation.md §3 Tool UIs (TaskGroup); 9352.index.js:29856-29929	source-derived	subagents
tool-ui.running-agents	tool-ui	RunningAgentsUI	active: bold white "Running N agent(s)… (M done, …)" ; finished: dim "N agents completed", "X cancelled, Y follow-up interrupted, Z interrupted" ; per-agent description dimmed when done	per agent: description truncated to 40 chars with "…" ; step line "✓ " green / "✗ " red / dim step text ("Reading <file≤30>", "Searching "<≤20>"", "Running: <≤30>", "Thinking…", "Responding…", "Running in background", "Done", "Starting…") ; every row has a width-1 spacer + gap 1	-	source-conversation.md §3 Tool UIs (RunningAgentsUI); 9352.index.js:27708-27950	source-derived	subagents
tool-ui.merged-read-search	tool-ui	MergedReadSearch	pending until all calls complete	paddingLeft 1 ; name joined verbs, sentence-cased (e.g. "Read, grepped") ; primary "N files, M greps, …" ; last 3 rows visible, and when exactly 1 row would be hidden the window shrinks so 2 are hidden instead ; dim "… N earlier item(s) hidden" with the "…" bold ; rows dim: bold verb + truncate-start rest ; zen: a single header whose primary is the unique subjects, truncated, with no rows	-	source-conversation.md §3 Tool UIs (MergedReadSearch); 9352.index.js:16927-17291, 17132	source-derived	none
tool-ui.merged-await	tool-ui	MergedAwait	pending or success	name "Monitoring"/"Monitored" ; primary "background task(s), N complete, M active" ; same 3-row window as MergedReadSearch ; per-row verbs Waiting/Waited/"Wait skipped", Read, Ran, Searched, Called ; ticks every 1 s	-	source-conversation.md §3 Tool UIs (MergedAwait); 9352.index.js:16614-16926	source-derived	background-shells;subagents
tool-ui.zen-tool-calls	tool-ui	ZenToolCalls	all tasks: one ToolCallHeader per agent (description / current step, truncated) ; await-group or length > 1: the merged UIs with zen true ; everything else a one-line header: verb / subject (truncate-start), status from the result case, cancelled when aborted, non-success cases shown as error	single shell call gets paddingLeft 4 ; edit, createPlan, askQuestion, await and communicateUpdate get paddingLeft 2, all using the full ToolCall (zen for shell and edit) ; generateImage also gets an inline preview (static only)	-	source-conversation.md §3 Tool UIs (ZenToolCalls); 9352.index.js:32318-32806	source-derived	statsig;subagents
tool-ui.static-path-inline-previews	tool-ui	Static-path-only inline previews	inline image previews enabled only on the static path ; dynamic path renders no previews (dynamic user message passes no images, showInlineImagePreviews true only from the static path)	applies to user-message images, generateImageToolCall and zenToolCalls generateImage previews	-	source-conversation.md §5 Consequences for expansion, §2; 9352.index.js:33609-33795, 33446-33607, 33981	source-derived	statsig
spinner.frames	spinner	Spinner frames	-	["⠀⠞","⠠⠜","⠰⠰","⠘⠤","⠘⠆","⠘⠣","⠰⠳","⠠⠛"] (8 frames), interval 250 ms ; UNRESOLVED: how the Braille frames actually look was not runtime-confirmed	-	source-conversation.md §4 Frames, Gaps; 9352.index.js:29309-29314	source-derived	none
spinner.animated-dots	spinner	AnimatedDots	-	setInterval advances the frame modulo 8, default 250 ms overridable via the interval prop ; renders <Text color> with the current frame ; frames are 2 characters wide and are always placed in a width-2 box	-	source-conversation.md §4 AnimatedDots; 9352.index.js:3199-3231	source-derived	none
spinner.main-label	spinner	Main UI working label	loading: "Loading conversation" ; reconnecting: "Reconnecting" white, then dim "<reason> (attempt N, Ns)" ; while generating: "Thinking" when the pending turn has thinking content, otherwise "Summarizing", otherwise the current tool's progressive verb from F_ shown after a 100 ms delay, otherwise "Composing" for composer models or "Working" for others	always a green spinner followed by bold text	-	source-conversation.md §4 Where it appears in the main UI; 9352.index.js:53369-53809, 61270-61298	source-derived	none
spinner.prompt-working-status	spinner	PromptWorkingStatus	-	dim " <N tokens>" appended after the working label ; formatted "1.23k tokens" / "1.2M tokens" with trailing zeros trimmed	-	source-conversation.md §4 PromptWorkingStatus; 9352.index.js:24912-24936, 64395-64418	source-derived	none
spinner.tip-line	spinner	Tip line	optional, shown with the working status	"  Tip: …" (two leading spaces)	-	source-conversation.md §4 tip line; 9352.index.js:53369-53809	source-derived	none
spinner.subagent-working	spinner	Subagent view working spinner	pending while the subagent runs	green spinner + bold "Working"	-	source-conversation.md §4 Subagent view; 9352.index.js:29488-29500	source-derived	subagents
